 ,a,b,s,o,l,u,t,e, ,d,a,r,l,i,n,g, ,f,o,o,d, ,t,a,k,e, ,m,e,d,i,c,i,n,e, ,f,o,o,d, ,a,g,g,r,e,s,s,i,o,n, ,s,t,a,r,v,e, ,p,o,i,n,t, ,c,o,n,f,i,d,e,n,t, ,t,r,u,s,t, ,i,n,d,e,p,e,n,d,e,n,t, ,s,e,p,a,r,a,t,i,o,n, ,a,n,x,i,e,t,y, ,c,o,m,p,a,n,y, ,s,t,o,r,y, ,a,b,l,e, ,s,m,i,l,e,y, ,f,a,c,e
 ,t,i,p, ,t,i,n,y, ,b,i,t, ,s,m,a,r,t, ,u,n,f,a,m,i,l,i,a,r, ,p,r,e,t,e,n,d, ,c,a,l,m, ,f,i,n,e, ,c,o,o,l, ,p,u,p, ,m,e,s,m,e,r,i,z,e, ,p,u,p, ,p,u,p,p,y, ,i,n,s,i,d,e
 ,s,w,e,e,t, ,a,b,s,o,l,u,t,e,l,y, ,c,o,m,p,a,n,i,o,n, ,h,e,s,i,t,a,t,e, ,a,f,f,e,c,t,i,o,n, ,g,e,n,t,l,e, ,g,i,a,n,t, ,r,e,a,c,t,i,v,e, ,s,i,n,g,l,e, ,t,r,a,i,n,i,n,g, ,r,e,c,o,m,m,e,n,d, ,i,d,e,a,l,l,y
 ,a,n,x,i,o,u,s, ,a,f,r,a,i,d, ,a,f,f,e,c,t,i,o,n, ,t,r,u,s,t, ,w,r,i,g,g,l,e, ,s,e,e,k
 ,r,e,c,a,l,l, ,p,o,s,t, ,b,a,b,y, ,d,i,s,p,l,a,y, ,c,h,a,n,g,e, ,t,e,m,p,e,r,a,m,e,n,t, ,b,i,t,e,y, ,t,a,k,e, ,p,o,o,p,e, ,i,n,d,o,o,r, ,g,o,r,g,e,o,u,s, ,q,u,i,r,k, ,g,o,o,d, ,r,e,s,p,o,n,s,i,b,l,e, ,p,a,t,i,e,n,t, ,w,a,l,k, ,t,i,l,l, ,t,o,d,a,y, ,b,u,m,p,y, ,e,n,s,u,r,e, ,q,u,i,r,k, ,r,e,m,a,i,n, ,c,o,m,m,i,t,t,e,d, ,c,h,a,p,t,e,r, ,k,i,d, ,e,l,d,e,r,l,y, ,w,a,l,k, ,o,u,t,d,o,o,r,s, ,t,i,m,i,d, ,p,h,a,s,e, ,s,e,n,s,i,t,i,v,e, ,w,i,l,l,i,n,g, ,e,n,g,a,g,e, ,p,r,o,f,e,s,s,i,o,n,a,l, ,t,r,a,i,n,e,r, ,c,o,n,f,i,d,e,n,t, ,p,l,a,y,f,u,l, ,g,o,o,d, ,p,a,t,i,e,n,t, ,w,a,r,m, ,s,t,e,r,i,l,i,z,e, ,v,a,c,c,i,n,a,t,e,d, ,h,e,a,l,t,h,y, ,c,h,i,p, ,f,o,o,d, ,m,o,t,i,v,a,t,e, ,w,o,r,k, ,l,e,a,s,h, ,w,a,l,k, ,c,o,n,f,i,d,e,n,c,e, ,a,s,k, ,u,p,f,r,o,n,t, ,q,u,i,r,k, ,g,o,o,d
 ,e,a,t, ,h,a,n,d,f,e,e,d, ,m,e,a,l, ,e,a,t, ,f,e,a,r,f,u,l, ,t,a,k,e, ,t,r,u,s,t, ,c,h,e,e,r, ,c,o,n,f,i,d,e,n,c,e
 ,e,n,e,r,g,e,t,i,c, ,s,p,e,c,i,a,l, ,p,u,p,p,y, ,l,a,t,e,r, ,h,e,a,l,t,h,y, ,f,i,t, ,w,a,l,k, ,r,u,n, ,s,o,c,i,a,b,l,e, ,e,n,j,o,y, ,m,a,i,n,l,y, ,c,h,i,l,d, ,i,n,d,e,p,e,n,d,e,n,t, ,f,i,n,e, ,m,e,s,s, ,i,n,d,o,o,r, ,s,t,r,o,n,g, ,l,e,a,s,h, ,f,i,r,m, ,g,o,o,d
 ,a,s,h, ,y,o,u,n,g, ,m,u,m, ,h,a,r,d, ,g,e,n,t,l,e, ,n,u,r,t,u,r,e, ,s,o,u,l, ,s,h,i,n,e, ,q,u,i,e,t, ,t,h,o,u,g,h,t,f,u,l, ,s,m,o,o,c,h, ,h,a,p,p,i,l,y, ,t,r,i,c,k, ,c,a,r,i,n,g, ,c,o,m,p,a,s,s,i,o,n,a,t,e, ,c,o,n,f,i,d,e,n,c,e, ,u,n,d,e,r,s,t,a,n,d, ,b,i,t, ,s,h,y, ,i,d,e,a,l, ,c,h,i,l,d, ,p,e,t, ,p,e,r,f,e,c,t, ,c,o,m,p,a,n,i,o,n, ,q,u,i,e,t, ,f,r,i,e,n,d,l,y, ,p,e,t, ,g,o,o,d, ,m,a,n,n,e,r, ,a,s,h, ,p,u,p, ,b,a,i,l, ,p,o,u,n,d, ,s,a,v,e, ,e,u,t,h,a,n,i,z,e, ,p,e,t,i,t,e, ,s,i,z,e, ,p,e,r,f,e,c,t, ,a,s,h, ,g,r,e,a,t, ,c,o,m,p,a,s,s,i,o,n, ,s,h,y, ,y,o,u,n,g, ,m,u,m, ,p,r,o,u,d, ,i,r,r,e,s,i,s,t,i,b,l,y, ,a,d,o,r,a,b,l,e, ,p,u,p, ,n,e,r,v,o,u,s, ,d,o,g,g,i,e, ,t,i,m,i,d, ,n,a,t,u,r,e, ,e,n,c,o,u,n,t,e,r, ,w,a,r,m, ,l,o,w, ,m,a,i,n,t,e,n,a,n,c,e, ,g,e,n,t,l,e, ,o,p,p,o,r,t,u,n,i,t,y, ,e,x,p,l,o,r,e, ,p,e,r,f,e,c,t, ,c,o,m,p,a,n,i,o,n, ,f,u,r,r,y, ,c,h,i,l,l, ,p,e,t,i,t,e, ,s,i,z,e, ,s,h,a,r,p, ,f,e,a,t,u,r,e, ,n,a,r,r,o,w, ,b,r,i,d,g,e, ,l,a,r,g,e, ,p,o,i,n,t,y, ,a,s,h, ,s,h,i,n,y, ,b,e,a,u,t,y, ,t,h,r,o,w, ,c,u,r,v,e,b,a,l,l, ,s,h,y,n,e,s,s, ,n,o,t,i,c,e,d, ,e,a,s,i,l,y, ,f,o,r,g,e,t, ,l,o,n,g, ,s,p,e,c,i,a,l, ,t,r,u,e, ,a,f,f,e,c,t,i,o,n,a,t,e, ,b,e,a,u,t,y, ,l,i,e, ,b,e,a,u,t,y, ,l,i,e
 ,f,r,i,e,n,d,l,y, ,o,u,t,g,o,i,n,g, ,l,o,v,a,b,l,e, ,p,l,a,y,f,u,l, ,a,c,t,i,v,e, ,o,u,t,g,o,i,n,g, ,i,n,t,e,r,a,c,t, ,a,f,f,e,c,t,i,o,n,a,t,e, ,p,l,a,y,f,u,l, ,f,r,i,e,n,d,l,y, ,p,e,r,f,e,c,t, ,p,a,i,r, ,o,f,f,e,r
 ,s,h,y, ,s,t,a,i,r,w,e,l,l, ,k,i,n,d, ,s,o,u,l, ,s,p,o,t, ,e,m,b,a,r,r,a,s,s,i,n,g, ,f,a,c,e,b,o,o,k, ,l,e,a,d, ,f,o,r,g,e,t, ,p,a,c,k, ,q,u,i,e,t, ,c,u,t,e
 ,s,p,i,d,e,y, ,s,p,i,d,e,y, ,c,a,l,m, ,c,h,a,r,a,c,t,e,r, ,n,o,t, ,m,e,a,n, ,a,l,o,o,f, ,g,o,o,f,y, ,m,o,m,e,n,t, ,m,o,m,e,n,t, ,r,e,g,u,l,a,r, ,s,p,i,d,e,y, ,t,r,u,e, ,c,h,a,r,a,c,t,e,r, ,s,h,i,n,e, ,a,w,e,s,o,m,e
 ,b,a,m,b,i, ,b,e,r,t,h,a, ,b,r,a,d,l,e,y, ,b,r,a,n,d,o,n, ,s,t,i,c,k, ,p,o,w,e,r, ,g,r,i,d, ,p,a,r,e,n,t, ,u,n,a,b,l,e, ,f,e,n,d, ,p,o,o,r, ,l,i,t,t,l,e, ,s,t,a,r,v,e, ,w,h,i,n,e, ,o,f,f,i,c,e,r, ,s,e,c,u,r,i,t,y, ,p,e,r,s,o,n,n,e,l, ,p,e,r,m,i,s,e, ,a,b,l,e, ,p,u,p,p,y, ,h,a,r,m, ,b,e,f,a,l,l, ,t,u,m,b,l,i,n,g, ,p,l,a,y,f,u,l, ,l,i,t,t,l,e, ,p,a,c,k,e,t, ,j,o,y, ,f,u,n, ,a,t,t,e,n,t,i,o,n, ,t,r,a,i,n,i,n,g, ,s,o,c,i,a,l,i,s,a,t,i,o,n, ,c,r,u,c,i,a,l, ,t,e,n,d,e,r, ,o,b,e,d,i,e,n,t, ,s,m,a,r,t, ,a,d,u,l,t, ,h,a,n,g, ,r,e,s,e,r,v,e, ,l,i,t,t,l,e, ,i,n,t,e,r,a,c,t, ,s,p,e,c,i,a,l,i,z,e,d, ,t,r,a,i,n,i,n,g
 ,l,o,n,g, ,a,g,g,r,e,s,s,i,v,e, ,t,h,r,e,a,t,e,n, ,a,t,t,a,c,k, ,f,e,a,r, ,c,h,a,n,g,e, ,e,n,j,o,y, ,w,a,l,k, ,e,n,j,o,y, ,a,f,f,e,c,t,i,o,n, ,c,o,m,p,a,n,y, ,g,o,o,d, ,t,o,d,d,l,e,r, ,s,m,a,l,l, ,y,o,u,n,g, ,c,h,i,l,d
 ,s,u,p,p,o,s,e, ,s,w,e,e,t, ,k,i,n,d, ,f,o,r,g,e,t, ,t,a,k,e, ,w,i,n,g, ,n,e,r,v,o,u,s, ,s,p,e,n,d, ,p,o,i,n,t, ,s,l,o,w,l,y, ,r,e,g,a,i,n, ,s,m,i,l,e, ,c,o,n,f,i,d,e,n,c,e, ,c,a,m,e,o, ,p,l,a,y,f,u,l
 ,s,u,b,m,i,s,s,i,v,e, ,s,h,y, ,c,r,a,v,e, ,c,o,m,p,a,n,i,o,n, ,p,e,e,k, ,p,a,t,i,e,n,t,l,y, ,w,a,i,t, ,f,o,o,d, ,s,h,y, ,t,i,m,i,d, ,b,a,d, ,w,a,r,m, ,c,u,t, ,s,o,l,i,t,a,r,y, ,f,i,g,u,r,e, ,p,a,r,k,i,n,g, ,c,o,m,m,e,r,c,i,a,l, ,c,o,m,p,o,u,n,d, ,a,n,g, ,m,o, ,k,i,o, ,d,a,r,t, ,e,v,e,r,y,d,a,y, ,g,a,r,d,e,n,e,r, ,o,f,f,i,c,e, ,s,t,a,f,f, ,w,i,t,n,e,s,s, ,d,e,l,i,v,e,r, ,p,u,p, ,c,o,n,s,c,i,e,n,t,i,o,u,s, ,h,i,d,e, ,p,u,p, ,h,a,r,m, ,e,n,s,u,r,e, ,h,u,n,g,r,y, ,t,h,r,o,w, ,f,o,o,d, ,e,a,t, ,c,h,a,l,l,e,n,g,e, ,f,o,o,d, ,d,a,n,g,e,r, ,p,u,p, ,r,u,n, ,d,i,f,f,i,c,u,l,t, ,b,a,b,y, ,c,h,a,s,e, ,e,s,c,a,p,e, ,g,e,n,t,l,e, ,l,i,t,t,l,e, ,w,a,r,m
 ,l,i,t,t,l,e, ,t,i,m,i,d, ,t,a,k,e, ,s,t,e,r,i,l,i,z,a,t,i,o,n, ,d,u,m,p, ,w,i,l,d, ,g,o,o,d, ,c,o,n,n,e,c,t,i,o,n, ,y,o,u,n,g, ,t,a,k,e, ,t,i,n,y, ,m,a,l,n,u,t,r,i,t,i,o,n,e,d, ,f,a,s,t, ,n,e,g,a,t,i,v,e, ,r,e,a,c,t,i,o,n
 ,m,e,a,n, ,d,e,f,e,n,d, ,r,e,f,l,e,c,t,i,v,e, ,d,i,v,i,n,e, ,s,p,o,t, ,r,o,a,m, ,o,b,v,i,o,u,s, ,d,i,f,f,e,r,e,n,t, ,y,o,u,n,g, ,s,u,r,v,i,v,e, ,r,u,n, ,s,u,c,c,e,s,s,f,u,l, ,f,i,n,a,l,l,y, ,h,u,g,e, ,t,r,a,p, ,l,o,w, ,w,i,l,d, ,s,h,a,r,e, ,t,r,a,p, ,s,a,v,e, ,s,i,g,h,t, ,e,n,t,e,r, ,t,r,a,p, ,d,e,f,e,n,d, ,y,o,u,n,g, ,w,a,l,k, ,p,l,a,y, ,w,a,l,k, ,l,e,a,s,h
 ,r,e,s,e,r,v,e, ,s,h,y, ,s,w,e,e,t, ,s,p,e,n,d, ,b,o,n,d, ,p,a,i,r, ,n,e,r,v,o,u,s, ,s,h,y, ,r,e,g,u,l,a,r, ,w,a,l,k, ,r,e,s,u,l,t, ,c,o,n,f,i,d,e,n,c,e, ,o,u,t,s,i,d,e
 ,s,t,u,n,n,i,n,g, ,l,i,t,t,l,e, ,s,e,t,t,l,e, ,t,r,a,i,n,i,n,g, ,s,o,c,i,a,l,i,s,a,t,i,o,n
 ,r,e,g,r,e,t, ,o,p,p,o,r,t,u,n,i,t,y, ,s,o,c,i,a,l, ,b,e,h,a,v,i,o,u,r, ,o,b,e,d,i,e,n,t, ,f,r,i,e,n,d,l,y, ,b,l,o,c,k, ,l,a,t,e, ,p,e,r,s,e,v,e,r,a,n,c,e, ,p,a,t,i,e,n,t, ,e,x,p,e,r,i,e,n,c,e,d, ,a,b,l,e, ,w,a,r,m, ,a,f,f,e,c,t,i,o,n,a,t,e, ,c,o,m,p,a,n,i,o,n, ,r,e,g,r,e,t, ,w,i,l,l,i,n,g
 ,b,r,e,a,k, ,s,u,r,v,i,v,e, ,h,e,a,l, ,m,e,n,d, ,w,a,l,k, ,l,e,a,r,n,i,n,g, ,t,r,u,s,t, ,l,o,w, ,m,a,i,n,t,e,n,a,n,c,e, ,e,a,s,i,l,y, ,c,o,n,t,e,n,d, ,f,r,e,q,u,e,n,t, ,w,a,l,k, ,s,w,e,e,t, ,s,e,n,s,i,t,i,v,e, ,a,t,t,e,n,t,i,o,n, ,d,i,a,m,o,n,d, ,r,o,s,e, ,b,l,o,s,s,o,m, ,o,r,d,i,n,a,r,y, ,e,x,t,r,a,o,r,d,i,n,a,r,y, ,p,a,l
 ,g,r,e,a,t, ,e,n,e,r,g,e,t,i,c, ,r,u,n, ,w,a,l,k, ,g,o,o,d, ,a,n,i,m,a,l, ,t,e,r,r,i,f,y, ,a,p,a,r,t,m,e,n,t, ,c,o,n,d,o,m,i,n,i,u,m, ,t,e,n,d,e,n,c,y, ,s,c,a,l,e, ,f,e,n,c,e
 ,c,o,n,s,i,s,t, ,d,e,v,e,l,o,p,m,e,n,t, ,s,t,a,g,e, ,s,u,f,f,i,c,e, ,c,u,t,e, ,s,m,a,r,t, ,p,r,e,s,e,n,c,e, ,p,u,p,p,y, ,y,o,u,n,g, ,t,e,r,m, ,g,o,o,d
 ,g,i,a,n,t, ,a,f,f,e,c,t,i,o,n, ,e,x,c,i,t,e,m,e,n,t, ,w,e,l,c,o,m,e, ,h,a,p,p,i,l,y, ,e,n,t,e,r, ,e,n,c,l,o,s,u,r,e, ,w,a,l,k, ,l,e,a,s,h, ,o,u,t,s,i,d,e, ,s,p,o,o,k, ,v,e,h,i,c,l,e, ,p,a,n,i,c, ,h,a,r,d, ,s,i,z,e, ,s,t,r,o,n,g, ,a,b,l,e, ,w,a,l,k, ,s,w,e,e,t, ,o,v,e,r,s,i,z,e,d, ,a,f,f,e,c,t,i,o,n, ,a,t,t,e,n,t,i,o,n
 ,c,u,d,d,l,y, ,c,u,r,i,o,u,s, ,l,i,t,t,l,e, ,c,a,u,t,i,o,u,s, ,j,o,y, ,b,r,a,v,e,l,y, ,f,i,n,i,s,h, ,h,e,a,r,t,w,o,r,m, ,r,e,a,d,y, ,b,e,a,u,t,y, ,c,u,d,d,l,e, ,a,t,t,e,n,t,i,o,n, ,l,i,t,t,l,e, ,c,u,r,i,o,u,s, ,o,u,t,s,i,d,e, ,l,o,u,d, ,p,a,t,i,e,n,t, ,w,o,r,k, ,c,o,n,f,i,d,e,n,c,e, ,w,a,l,k, ,c,o,u,c,h, ,s,n,u,g,g,l,e
 ,l,o,y,a,l, ,f,r,i,e,n,d,l,y, ,n,e,r,v,o,u,s, ,s,u,r,r,e,n,d,e,r, ,l,o,v,e,l,y, ,l,o,y,a,l, ,a,n,x,i,o,u,s, ,s,u,r,r,e,n,d,e,r, ,a,l,l,e,g,e,d,l,y, ,b,i,t,e, ,s,u,g,g,e,s,t, ,b,i,t, ,p,o,s,s,e,s,s,i,v,e, ,c,h,i,l,d, ,b,e,h,a,v,i,o,u,r, ,w,a,l,k, ,b,e,h,a,v,i,o,u,r, ,r,e,s,u,l,t, ,f,r,i,g,h,t,e,n,e,d, ,l,o,u,d, ,h,a,p,p,e,n, ,o,u,t,s,i,d,e, ,p,a,t,i,e,n,t, ,r,e,s,e,t,t,l,e
 ,g,o,r,g,e,o,u,s, ,s,h,y, ,a,f,r,a,i,d, ,l,o,u,d, ,f,o,r,c,e, ,f,r,e,e, ,t,r,a,i,n,i,n,g, ,c,a,l,m, ,s,i,t,u,a,t,i,o,n, ,l,i,t,t,l,e, ,s,e,n,s,i,t,i,v,e, ,c,o,m,f,o,r,t,a,b,l,e, ,p,e,t, ,t,r,u,s,t, ,a,f,f,e,c,t,i,o,n,a,t,e, ,f,o,o,d, ,c,h,e,w, ,a,v,o,i,d, ,s,o,u,n,d, ,i,n,t,e,r,a,c,t, ,s,p,e,c,i,a,l,i,z,e,d, ,t,r,a,i,n,i,n,g, ,c,o,u,n,s,e,l,l,o,r
 ,s,h,y, ,q,u,i,e,t, ,s,w,e,e,t, ,s,a,v,e, ,c,h,a,i,n, ,a,c,t,i,o,n, ,c,a,g,e, ,c,h,a,i,n, ,p,r,o,b,l,e,m, ,t,e,r,r,i,b,l,e, ,a,w,f,u,l, ,c,o,n,d,i,t,i,o,n, ,i,n,t,e,s,t,i,n,e, ,u,p,p,e,r, ,c,a,v,i,t,y, ,s,l,i,g,h,t,l,y, ,s,h,o,r,t, ,b,r,e,a,t,h, ,w,a,l,k, ,s,h,o,r,t, ,w,a,l,k, ,g,e,t,s, ,o,u,t,s,i,d,e, ,c,a,g,e, ,g,o,o,d, ,s,c,a,r,e,d, ,s,h,o,r,t, ,w,a,l,k, ,q,u,i,e,t, ,g,o,o,d
 ,f,a,c,e, ,h,a,r,s,h, ,s,o,u,r,c,e, ,f,r,e,s,h, ,w,a,t,e,r, ,f,o,o,d, ,c,a,p,t,u,r,e, ,p,u,p,p,y, ,b,l,i,s,s, ,r,e,a,d,y, ,b,a,s,i,c, ,w,a,l,k, ,s,h,y, ,p,u,p,p,y, ,a,v,e,r,a,g,e, ,p,u,p,p,y, ,c,o,m,f,o,r,t,a,b,l,e, ,s,l,o,w, ,c,u,r,i,o,u,s, ,b,l,o,o,m
 ,p,r,e,p,a,r,e,d, ,p,a,s,s, ,a,g,g,r,e,s,s,i,o,n, ,l,u,n,g,e, ,k,i,d, ,a,l,e,r,t, ,g,u,a,r,d, ,p,o,s,t, ,e,x,p,e,r,i,e,n,c,e,d, ,w,o,r,k, ,e,n,s,u,r,e, ,s,e,t,t,l,e, ,g,o,o,d, ,c,h,a,l,l,e,n,g,e, ,c,h,e,w,i,e, ,l,i,c,k, ,s,l,o,w, ,t,r,u,s,t, ,t,r,a,i,n,i,n,g, ,c,h,e,w,i,e, ,s,w,e,e,t, ,a,f,f,e,c,t,i,o,n,a,t,e, ,l,i,c,k, ,f,a,c,e, ,o,c,c,a,s,i,o,n,a,l,l,y, ,b,u,r,r,o,w, ,a,r,m, ,s,n,e,a,k, ,b,e,d, ,s,n,u,g,g,l,e, ,a,l,a,s, ,c,h,e,w,i,e, ,c,o,m,f,o,r,t,a,b,l,e, ,d,i,s,p,l,a,y, ,b,e,h,a,v,i,o,u,r,a,l, ,p,r,o,b,l,e,m, ,d,o,o,r, ,s,l,i,g,h,t, ,s,o,u,n,d, ,d,o,o,r, ,u,n,l,o,c,k, ,w,o,r,r,y, ,b,u,r,g,l,a,r, ,h,y,p,e,r,v,i,g,i,l,a,n,c,e, ,e,x,t,e,n,d, ,w,a,l,k, ,d,i,f,f,i,c,u,l,t, ,b,l,i,n,d,s,p,o,t, ,t,i,g,h,t, ,f,l,a,v,o,u,r, ,l,u,n,g,e, ,d,r,a,g, ,f,o,o,t, ,s,l,o,w, ,m,o,v,e, ,e,l,d,e,r,l,y, ,t,o,d,d,l,e,r, ,u,n,f,a,m,i,l,i,a,r, ,w,o,r,k, ,c,l,o,s,e,l,y, ,t,r,a,i,n,e,r, ,b,e,h,a,v,i,o,u,r,a,l, ,p,r,o,b,l,e,m, ,f,a,s,t, ,l,a,t,e,r, ,c,h,e,w,i,e, ,t,r,e,m,e,n,d,o,u,s,l,y, ,c,a,l,m, ,o,c,c,a,s,i,o,n,a,l, ,u,n,c,o,n,t,r,o,l,l,a,b,l,e, ,b,a,r,k,i,n,g, ,c,h,e,w,i,e, ,m,a,n,a,g,e,a,b,l,e, ,w,a,l,k, ,g,e,n,t,l,e, ,l,e,a,d,e,r, ,c,o,l,l,a,r, ,l,o,o,s,e, ,l,o,n,g, ,l,e,a,s,h, ,i,n,q,u,i,s,i,t,i,v,e, ,a,d,v,e,n,t,u,r,o,u,s, ,n,a,t,u,r,e, ,e,n,j,o,y, ,w,a,l,k, ,s,n,i,f,f, ,e,x,p,l,o,r,e, ,h,u,n,t, ,i,n,t,e,l,l,i,g,e,n,t, ,e,n,j,o,y, ,t,r,a,i,n,i,n,g, ,s,k,i,l,l, ,t,r,i,c,k, ,w,a,i,t, ,f,r,e,e, ,e,m,e,r,g,e,n,c,y, ,r,e,c,a,l,l, ,h,e,e,l, ,f,o,c,u,s, ,s,i,t, ,s,t,a,n,d, ,f,e,t,c,h, ,r,a,r,e,l,y, ,g,e,t,s, ,t,r,i,g,g,e,r, ,n,o,w,a,d,a,y,s, ,u,n,p,r,e,d,i,c,t,a,b,l,e, ,s,c,a,r,e, ,i,n,t,e,r,e,s,t,e,d, ,c,h,e,w,i,e, ,r,e,v,e,a,l, ,a,f,f,e,c,t,i,o,n,a,t,e, ,t,r,u,s,t, ,e,s,t,a,b,l,i,s,h, ,p,e,r,f,e,c,t, ,i,n,d,e,p,e,n,d,e,n,t, ,n,o,n, ,d,e,s,t,r,u,c,t,i,v,e, ,l,o,n,g, ,h,o,u,r, ,f,o,o,d, ,m,o,t,i,v,a,t,e, ,s,t,r,o,n,g, ,p,r,e,y, ,d,r,i,v,e, ,c,h,e,w,i,e, ,t,h,r,i,v,e, ,b,a,s,e, ,t,r,a,i,n,i,n,g, ,p,a,t,i,e,n,t, ,c,o,m,m,i,t, ,w,o,r,k, ,c,l,o,s,e,l,y, ,t,r,a,i,n,e,r, ,t,i,g,h,t, ,l,e,a,s,h, ,v,i,s,i,t,o,r, ,w,o,r,k, ,a,b,l,e, ,s,e,g,r,e,g,a,t,e,d, ,g,o,o,d, ,v,i,s,i,t,o,r, ,w,o,r,k, ,s,s, ,c,h,e,w,i,e, ,f,o,o,d, ,s,p,e,c,i,a,l, ,h,o,u,s,i,n,g, ,n,u,m,e,r,o,u,s, ,b,l,i,n,d, ,s,p,o,t, ,c,o,r,n,e,r, ,g,o,o,d, ,r,u,n
 ,g,o,o,d, ,a,d,u,l,t, ,c,h,i,l,d, ,a,l,i,k,e, ,w,o,b,b,l,y, ,f,i,n,e
 ,f,e,a,r, ,e,v,e,r,y,d,a,y, ,p,e,r,c,e,i,v,e, ,n,o,r,m,a,l, ,u,n,f,a,m,i,l,i,a,r, ,s,l,o,w,l,y, ,a,f,r,a,i,d, ,b,a,s,e, ,t,r,a,i,n,i,n,g, ,w,a,l,k, ,b,e,h,a,v,i,o,u,r, ,w,a,l,k, ,n,i,c,e,l,y, ,t,r,i,g,g,e,r, ,g,o,o,d, ,u,n,d,e,r,s,t,a,n,d, ,f,e,a,r, ,w,o,r,k, ,p,o,s,i,t,i,v,e, ,b,a,s,e, ,f,o,r,c,e, ,f,r,e,e, ,t,r,a,i,n,i,n,g, ,i,n,t,e,r,a,c,t, ,s,p,e,c,i,a,l,i,z,e,d, ,t,r,a,i,n,i,n,g
 ,s,h,y, ,a,f,r,a,i,d, ,e,a,t, ,s,i,g,h,t, ,t,r,u,s,t, ,c,o,m,f,o,r,t,a,b,l,e, ,p,r,e,s,e,n,c,e
 ,c,r,u,s,h, ,d,e,a,t,h, ,m,a,c,h,i,n,e,r,y, ,m,i,l,d, ,n,a,t,u,r,e,d, ,p,e,r,f,e,c,t, ,k,i,d
 ,d,a,s,h,y, ,g,e,n,t,l,e, ,g,i,a,n,t, ,m,e,l,t, ,p,u,p,p,y, ,c,r,u,s,h, ,w,o,r,k, ,b,o,t,t,l,e, ,t,e,n,d,e,r, ,c,h,o,o,s,e, ,l,o,n,g, ,m,a,n,a,g,e,a,b,l,e, ,s,a,d, ,s,e,l,f,i,s,h, ,p,o,o,r, ,o,u,t,g,r,o,w, ,p,u,p,p,y, ,l,o,n,g, ,a,f,f,e,c,t,i,o,n,a,t,e, ,p,l,a,y,f,u,l, ,t,a,k,e, ,w,a,r,m, ,p,l,a,y,f,u,l, ,p,l,a,y, ,f,e,t,c,h, ,s,q,u,e,a,k,y, ,t,e,n,n,i,s, ,p,e,r,f,e,c,t, ,e,x,e,r,c,i,s,e, ,t,v, ,p,a,l, ,b,u,s,y, ,s,w,i,n,g,e, ,s,i,n,g,l,e, ,f,i,n,e, ,l,o,n,g, ,h,o,u,r, ,w,a,l,k, ,c,o,n,t,e,n,t,e,d, ,s,e,l,e,c,t,i,v,e, ,g,o,o,d, ,k,i,d
 ,a,f,f,e,c,t,i,o,n,a,t,e, ,p,l,a,y,f,u,l, ,e,x,c,i,t,e,d, ,e,a,s,i,l,y, ,w,a,l,k, ,t,r,a,i,n,a,b,l,e, ,g,u,i,d,a,n,c,e, ,c,a,l,m, ,a,c,t,i,v,e
 ,s,o,c,i,a,b,l,e, ,f,r,i,e,n,d,l,y, ,r,e,l,a,x,e,d, ,s,w,e,e,t, ,i,n,d,e,p,e,n,d,e,n,t, ,l,o,s,e, ,c,a,p,t,a,i,n, ,n,a,t,u,r,a,l,l,y, ,l,i,t,t,l,e, ,l,o,s,e, ,g,o,o,d, ,e,n,j,o,y, ,e,x,p,l,o,r,e, ,s,t,r,e,t,c,h, ,r,e,l,a,x,e,d, ,p,e,r,f,e,c,t, ,c,o,m,p,a,n,i,o,n, ,c,u,r,l, ,c,o,u,c,h, ,c,a,p,t,a,i,n, ,t,r,u,l,y, ,o,f,f,e,r
 ,s,h,y, ,r,e,s,e,r,v,e,d, ,s,m,a,r,t, ,s,p,e,c,i,a,l, ,e,n,j,o,y, ,q,u,i,e,t, ,n,e,r,v,o,u,s, ,c,o,n,f,i,d,e,n,c,e, ,t,a,k,e, ,w,a,l,k, ,o,u,t,s,i,d,e, ,l,e,a,s,h, ,s,t,o,p, ,w,a,l,k, ,s,w,e,e,t, ,k,i,n,d, ,p,l,a,y, ,g,o,o,d, ,h,a,s,s,l,e
 ,s,h,y, ,s,w,e,e,t, ,c,u,r,i,o,u,s, ,s,m,a,r,t, ,s,h,y, ,t,r,u,s,t, ,f,a,c,e, ,d,e,t,e,r, ,c,u,t,e, ,f,l,u,f,f,y, ,s,w,e,e,t,e,s,t, ,w,a,l,k, ,k,e,y, ,s,p,e,n,d, ,o,u,t,d,o,o,r,s, ,o,u,t,i,n,g, ,b,i,t, ,s,l,o,w, ,a,l,r,i,g,h,t, ,l,o,y,a,l
 ,a,c,c,i,d,e,n,t,a,l, ,o,r,i,g,i,n,a,l, ,t,a,r,g,e,t, ,t,i,n,y, ,t,h,i,n, ,p,u,p,p,y, ,m,e,a,n, ,c,h,i,e,f, ,a,p,t,l,y, ,d,e,s,c,r,i,b,e, ,e,x,h,i,b,i,t, ,c,a,l,m, ,i,n,s,i,d,e, ,t,r,a,p, ,s,t,r,u,g,g,l,e, ,t,r,a,n,s,f,e,r, ,s,i,n,g,l,e,h,a,n,d,e,d,l,y, ,t,r,a,p, ,c,a,r,r,i,e,r, ,a,f,r,a,i,d, ,s,p,e,n,d, ,o,b,s,e,r,v,e, ,a,s,s,i,m,i,l,a,t,e, ,n,i,c,e,l,y, ,h,a,n,d,s,o,m,e, ,c,o,n,f,i,d,e,n,t
 ,c,a,r,t,o,o,n, ,c,o,u,r,a,g,e, ,c,o,w,a,r,d,l,y, ,t,i,m,i,d, ,e,x,i,s,t, ,a,n,s,w,e,r, ,y,e,s, ,a,f,r,a,i,d, ,l,o,u,d, ,v,e,h,i,c,l,e, ,n,a,v,i,g,a,t,e, ,w,o,r,l,d, ,e,a,s,y, ,t,a,s,k, ,b,r,a,v,e, ,t,a,s,t,y, ,s,m,a,l,l, ,i,m,p,r,o,v,e,m,e,n,t, ,w,h,i,l,s,t, ,h,a,n,d,s,o,m,e, ,c,h,a,p, ,l,o,v,e,l,y, ,p,u,p,p,y, ,a,b,l,e, ,f,o,r,c,e, ,f,r,e,e, ,t,r,a,i,n,i,n,g, ,l,i,t,t,l,e, ,b,r,a,v,e,r,y, ,w,o,r,l,d, ,f,a,s,t, ,s,t,r,e,s,s, ,f,r,e,e, ,c,o,n,f,i,d,e,n,t, ,c,o,m,p,a,n,i,o,n, ,w,a,i,t, ,g,u,i,d,e, ,l,i,g,h,t, ,s,t,i,m,u,l,a,t,e, ,m,i,n,d, ,p,u,z,z,l,e, ,t,r,i,c,k, ,e,n,t,e,r, ,c,r,a,t,e, ,m,a,t, ,b,i,t, ,b,r,a,v,e,r,y, ,s,c,a,r,e, ,p,l,a,y, ,h,i,d,e, ,s,e,e,k, ,a,v,o,i,d, ,i,n,t,e,r,a,c,t, ,s,p,e,c,i,a,l,i,z,e,d, ,t,r,a,i,n,i,n,g
 ,s,h,y, ,s,w,e,e,t, ,q,u,i,e,t, ,s,w,e,e,t, ,a,f,f,e,c,t,i,o,n,a,t,e, ,s,u,p,e,r, ,s,h,y, ,f,a,c,e, ,g,u,e,s,s, ,s,t,o,p, ,s,h,a,r,e, ,g,o,o,d, ,g,u,i,d,a,n,c,e, ,s,u,p,p,o,r,t, ,e,a,t, ,p,l,a,y, ,w,a,l,k, ,s,l,e,e,p, ,t,r,u,s,t, ,s,m,a,r,t, ,b,a,d
 ,f,a,c,a,i, ,p,a,y, ,c,o,m,p,u,l,s,o,r,y, ,t,r,a,i,n,i,n,g, ,a,n,i,m,a,l, ,a,n,i,m,a,l, ,u,p,d,a,t,e, ,c,o,n,s,i,d,e,r
 ,s,w,e,e,t, ,n,a,t,u,r,e,d, ,r,e,s,p,o,n,s,i,v,e, ,s,h,o,w, ,a,f,f,e,c,t,i,o,n, ,c,a,l,m, ,w,a,l,k, ,l,e,a,s,h, ,i,n,d,e,p,e,n,d,e,n,t, ,c,o,n,t,e,n,t, ,c,h,i,l,l, ,t,u,a,s, ,v,i,c,t,i,m, ,d,r,e,a,d,e,d, ,d,i,s,e,a,s,e
 ,f,e,r,e,r,r,o, ,h,a,n,d,s,o,m,e, ,s,t,r,i,k,i,n,g, ,p,l,a,y,f,u,l, ,b,i,t, ,m,o,u,t,h,y, ,a,t,t,e,n,t,i,o,n, ,g,o,o,d, ,y,o,u,n,g, ,c,h,i,l,d, ,f,e,r,e,r,r,o, ,o,u,t,s,i,d,e, ,s,t,r,o,n,g, ,o,c,c,a,s,i,o,n, ,f,i,r,m
 ,i,n,c,i,d,e,n,t,a,l,l,y, ,p,u,p,p,y, ,c,a,l,m, ,d,o,c,i,l,e, ,l,o,v,e,a,b,l,e, ,g,e,n,t,l,e, ,f,o,r,e,i,g,n, ,w,o,r,k,e,r, ,l,i,k,e,l,y, ,b,a,d, ,m,e,a,n
 ,p,u,p,p,y, ,j,u,r,o,n,g, ,i,s,l,a,n,d, ,c,h,r,o,n,i,c, ,k,i,d,n,e,y, ,d,i,s,e,a,s,e, ,l,o,n,g, ,t,e,r,m, ,c,o,n,d,i,t,i,o,n, ,e,n,s,u,r,e, ,g,o,o,d, ,q,u,a,l,i,t,y, ,n,o,r,m,a,l, ,l,i,f,e,s,p,a,n, ,p,o,s,s,i,b,l,e, ,g,r,e,a,t, ,p,r,e,s,c,r,i,b,e, ,r,e,g,u,l,a,r, ,f,l,u,i,d, ,i,n,j,e,c,t,i,o,n, ,h,e,a,l,t,h,y, ,c,o,n,d,i,t,i,o,n, ,d,i,s,p,l,a,y, ,s,e,p,a,r,a,t,i,o,n, ,a,n,x,i,e,t,y, ,s,l,i,g,h,t,l,y, ,m,a,t,u,r,e, ,s,e,p,a,r,a,t,i,o,n, ,a,n,x,i,e,t,y, ,b,a,d, ,a,b,l,e
 ,s,e,l,e,t,a,r, ,a,i,r, ,b,a,s,e, ,f,o, ,a,i,r, ,a,u,t,h,o,r,i,t,y, ,t,o,w, ,s,p,a,r,e, ,d,e,a,t,h, ,s,e,n,t,e,n,c,e, ,p,e,t,r,i,f,y, ,s,e,n,d, ,s,u,r,v,i,v,e, ,a,d,j,u,s,t, ,s,o,u,n,d, ,s,l,o,w,l,y
 ,f,r,i,e,n,d,l,y, ,e,n,e,r,g,e,t,i,c, ,c,u,r,i,o,u,s, ,o,u,t,d,o,o,r,s, ,a,c,t,i,v,e, ,a,f,f,e,c,t,i,o,n,a,t,e, ,s,m,i,l,e, ,m,e,l,t, ,e,n,e,r,g,y, ,p,u,p,p,y, ,p,l,a,y, ,s,w,e,e,t, ,f,r,i,e,n,d,l,y, ,l,i,t,t,l,e, ,s,h,y, ,r,e,s,e,r,v,e, ,t,r,a,n,s,f,o,r,m, ,l,o,v,i,n,g, ,c,o,n,f,i,d,e,n,t, ,w,a,l,k, ,o,u,t,s,i,d,e, ,e,x,p,l,o,r,e, ,p,u,p,p,y, ,f,o,o,l
 ,d,i,s,t,r,e,s,s,e,d, ,s,i,t,u,a,t,i,o,n, ,e,n,t,a,n,g,l,e, ,w,a,i,s,t, ,e,a,t, ,f,l,e,s,h, ,s,u,c,c,e,s,s,f,u,l,l,y, ,t,r,a,p, ,r,a,i,n,y, ,s,e,n,d, ,i,m,m,e,d,i,a,t,e,l,y, ,e,m,e,r,g,e,n,c,y, ,g,e,n,t,l,e, ,s,w,e,e,t, ,p,h,y,s,i,c,a,l, ,c,o,n,d,i,t,i,o,n, ,c,a,u,s,e, ,p,a,i,n, ,s,h,o,w, ,s,i,g,n, ,d,e,f,e,n,s,i,v,e, ,b,e,h,a,v,i,o,r, ,p,r,e,s,s, ,e,x,a,m,i,n,e, ,c,l,i,n,i,c, ,i,m,p,r,e,s,s, ,d,e,p,i,c,t, ,s,w,e,e,t, ,s,h,y, ,n,a,t,u,r,e
 ,b,u,b,b,l,y, ,y,o,u,n,g, ,w,o,r,k,e,r, ,b,i,g, ,s,i,z,e, ,s,p,a,n,i,e,l, ,p,l,a,y, ,f,e,t,c,h, ,l,o,n,g, ,r,u,n, ,s,t,r,o,l,l, ,w,o,r,k, ,e,n,j,o,y, ,c,o,m,p,a,n,y, ,y,o,u,n,g, ,m,i,n,d, ,l,i,t,t,l,e, ,c,h,e,e,k,y, ,a,p,p,r,e,c,i,a,t,e, ,f,i,r,m, ,g,o,o,d, ,l,i,t,t,l,e, ,s,c,a,r, ,d,a,m,a,g,e, ,d,e,s,t,r,o,y, ,t,r,u,e, ,b,e,a,u,t,y, ,g,u,e,s,s, ,s,m,a,l,l, ,p,r,e,t,t,y, ,e,n,c,h,a,n,t
 ,f,o,l,k, ,n,e,w,l,y, ,j,u,r,o,n,g, ,i,s,l,a,n,d, ,s,i,l,l,y, ,w,a,l,k, ,l,e,a,s,h, ,t,r,a,c,k, ,s,a,y, ,t,r,i,c,k, ,a,l,o,o,f, ,f,o,o,d, ,m,o,t,i,v,a,t,e,d, ,e,n,d,e,a,r, ,a,b,l,e
 ,a,f,f,e,c,t,i,o,n,a,t,e, ,s,h,y, ,p,e,a,c,e,f,u,l,g,u,m,m,y, ,b,e,a,u,t,i,f,u,l, ,c,o,m,p,a,n,i,o,n,s,h,i,p, ,r,e,s,e,r,v,e, ,l,i,t,t,l,e, ,n,e,r,v,o,u,s, ,o,u,t,s,i,d,e, ,w,o,r,l,d, ,t,r,u,s,t, ,o,k,a,y, ,i,d,e,a,l,l,y, ,a,l,o,n,g,s,i,d,e, ,g,o,o,d, ,t,a,k,e, ,w,a,r,m, ,t,o,t,a,l, ,h,u,g,g,e,r, ,s,w,e,e,t,h,e,a,r,t, ,s,h,o,w,e,r, ,g,e,m, ,d,e,s,e,r,v,e, ,o,f,f,e,r, ,b,f,f
 ,s,w,e,e,t, ,s,l,i,g,h,t,l,y, ,a,p,p,r,e,h,e,n,s,i,v,e, ,m,e,l,t, ,g,e,n,t,l,e, ,d,e,m,e,a,n,o,r, ,l,i,t,t,l,e, ,s,c,a,r,e,d, ,w,a,l,k, ,g,o,o,d, ,r,e,m,a,i,n, ,c,a,l,m, ,c,o,l,l,e,c,t, ,s,i,m,p,l,y, ,p,a,u,s,e, ,s,c,a,r,e,d, ,i,n,s,t,e,a,d, ,p,a,n,i,c, ,d,a,r,t, ,l,i,t,t,l,e, ,e,x,p,o,s,u,r,e, ,t,r,u,s,t, ,c,o,n,f,i,d,e,n,c,e, ,c,o,n,d,u,c,i,v,e, ,l,o,v,e,l,y
 ,j,u,r,o,n,g, ,i,s,l,a,n,d, ,c,a,r,e,g,i,v,e,r, ,l,o,v,i,n,g, ,i,n,t,e,r,a,c,t,i,v,e, ,t,a,k,e, ,w,a,r,m, ,c,a,t,a,r,a,c,t, ,l,i,t,t,l,e, ,i,n,s,e,c,u,r,e, ,g,o,t,t,e,n, ,l,i,n,e, ,s,w,e,e,t, ,w,i,l,l,i,n,g, ,p,a,s,t, ,i,n,s,e,c,u,r,i,t,y, ,w,a,r,m
 ,h,a,n,d,i,c,a,p, ,l,o,w, ,s,p,i,n,e, ,c,r,i,p,p,l,e, ,w,a,i,s,t, ,c,r,a,w,l, ,c,h,e,s,t, ,d,r,a,g, ,p,a,i,n,f,u,l,l,y, ,r,o,u,g,h, ,g,r,a,v,e,l, ,s,p,o,t, ,j,u,r,o,n,g, ,i,s,l,a,n,d, ,h,a,r,d, ,f,o,o,d, ,s,w,a,l,l,o,w, ,g,r,a,v,e,l, ,p,i,n, ,a,l,l,e,v,i,a,t,e, ,g,n,a,w, ,h,u,n,g,e,r, ,h,a,r,d, ,b,a,b,y, ,f,a,t,e, ,c,h,a,n,g,e, ,m,r, ,k,i,n,d, ,m,u,s,l,i,m, ,w,o,r,k, ,a,t,t,e,n,t,i,o,n, ,c,h,a,n,g,e,d, ,c,l,e,a,r,l,y, ,e,n,j,o,y, ,l,e,a,s,e, ,u,n,f,o,r,t,u,n,a,t,e, ,e,p,i,s,o,d,e, ,t,h,r,e,a,t,e,n, ,a,w,a,y, ,c,h,e,s,t, ,i,n,f,e,c,t,i,o,n, ,h,a,z,e, ,b,l,o,c,k,a,g,e, ,b,r,a,v,e, ,v,a,l,i,a,n,t,l,y, ,a,d,m,i,r,a,b,l,y, ,w,a,r,r,i,o,r, ,c,o,n,d,i,t,i,o,n, ,w,o,b,b,l,y, ,u,n,a,b,l,e, ,c,o,n,t,r,o,l, ,p,o,o, ,a,c,u,p,u,n,c,t,u,r,e, ,h,y,d,r,o,t,h,e,r,a,p,y, ,a,b,l,e, ,w,a,l,k, ,n,o,r,m,a,l,l,y, ,b,u,n,d,l,e, ,j,o,y, ,g,o,o,d, ,f,o,r,t,u,n,e, ,s,w,e,e,t, ,n,a,t,u,r,e,d, ,f,u,n, ,p,l,a,y,f,u,l, ,p,u,p,p,y, ,p,r,o,p,e,r, ,d,e,s,e,r,v,e
 ,g,o,o,d, ,y,o,u,t,a,k,e, ,w,a,r,m, ,u,p,c,h,a,r,m,e, ,h,a,n,d,s,o,m,e, ,l,a,d,r,e,s,c,u,e, ,p,u,p,p,y
 ,p,l,a,y,f,u,l, ,f,r,i,e,n,d,l,y, ,m,a,k,e,u,p, ,a,r,t,i,s,t, ,p,a,s,t, ,a,m,a,z,i,n,g, ,e,y,e,b,r,o,w, ,f,r,i,e,n,d,l,y, ,s,t,a,n,d, ,a,r,r,i,v,e, ,p,l,a,y,f,u,l, ,c,h,a,r,m,i,n,g, ,w,o,r,m, ,t,i,c,k, ,f,e,v,e,r, ,m,e,d,i,c,a,t,i,o,n, ,c,o,m,m,o,n, ,b,o,u,n,c,e, ,p,r,e,t,t,y, ,q,u,i,c,k, ,e,a,s,y, ,p,l,e,a,s,e,r, ,p,a,y, ,a,t,t,e,n,t,i,o,n, ,w,a,i,t, ,u,n,i,q,u,e, ,g,o,r,g,e,o,u,s, ,p,o,s,s,i,b,l,e
 ,c,e,m,e,t,a,r,y, ,c,o,m,p,l,a,i,n,t, ,b,i,t,e, ,h,i,k,e, ,s,t,e,r,i,l,i,z,e, ,p,a,c,k, ,f,e,a,r,f,u,l, ,r,u,n, ,a,w,a,y, ,s,u,s,p,e,c,t, ,p,r,o,t,e,c,t, ,t,e,r,r,i,t,o,r,y, ,i,n,t,r,u,d,e,r, ,h,e,a,r,t,w,o,r,m, ,s,l,o,w,l,y, ,c,o,m,f,o,r,t,a,b,l,e
 ,f,r,i,e,n,d,l,y, ,i,m,m,e,d,i,a,t,e,l,y, ,t,a,k,e, ,m,o,m,e,n,t, ,a,r,r,i,v,e, ,b,a,b,y, ,j,u,r,o,n,g, ,i,s,l,a,n,d, ,t,a,k,e, ,s,t,a,f,f, ,c,o,m,f,o,r,t,a,b,l,e, ,e,n,j,o,y, ,w,a,l,k, ,e,x,c,i,t,e,m,e,n,t, ,e,a,g,e,r,n,e,s,s, ,h,a,r,d, ,l,e,a,s,h, ,f,i,r,m, ,t,e,a,c,h, ,w,a,l,k, ,n,i,c,e,l,y, ,c,a,l,m,l,y, ,e,x,p,e,c,t, ,g,r,e,a,t, ,c,o,m,p,a,n,i,o,n
 ,p,l,a,y,f,u,l, ,e,n,e,r,g,e,t,i,c, ,e,n,t,h,u,s,i,a,s,t,i,c, ,y,e,s, ,h,a,n,d,s,o,m,e, ,b,a,s,h,f,u,l, ,s,w,e,e,t, ,f,u,n,n,y, ,t,y,p,e, ,f,u,n, ,p,l,a,y,f,u,l, ,s,p,i,r,i,t, ,l,o,n,g, ,a,r,r,i,v,e, ,a,d,a,p,t, ,u,r,b,a,n, ,w,a,l,k, ,l,o,n,g, ,f,l,u,f,f,y, ,r,e,g,u,l,a,r, ,m,a,i,n,t,e,n,a,n,c,e, ,b,r,u,s,h
 ,g,e,n,t,l,e, ,f,r,i,e,n,d,l,y, ,r,e,s,e,r,v,e,d,j,a,m,e, ,g,o,r,g,e,o,u,s, ,s,o,u,l, ,l,i,t,t,l,e, ,s,h,y, ,q,u,i,e,t, ,m,e,a,n, ,i,n,t,r,o,v,e,r,t, ,l,i,v,e,l,y, ,f,u,r,r,y, ,l,i,t,t,l,e, ,b,i,t, ,p,l,a,y,f,u,l, ,s,o,c,i,a,b,l,e, ,s,h,a,r,e, ,g,r,e,a,t, ,p,a,r,t,i,c,u,l,a,r,l,y, ,b,a,g, ,r,e,l,a,x,e,d, ,k,i,n,d, ,s,o,u,l, ,b,e,l,o,v,e
 ,a,p,p,r,o,x, ,o,u,t,r,a,m, ,l,o,n,g, ,t,e,r,r,i,f,i,e,d, ,p,u,p, ,w,a,l,k, ,c,o,n,f,i,d,e,n,t,l,y, ,l,e,a,s,h, ,s,c,r,i,t,c,h,e, ,p,l,a,y, ,c,r,a,z,y, ,s,i,s, ,r,u,n, ,s,h,y, ,t,a,k,e, ,w,a,r,m, ,p,u,p, ,p,u,p, ,g,e,n,t,l,e, ,s,n,i,f,f, ,s,i,t,u,a,t,i,o,n, ,q,u,i,c,k,l,y, ,n,e,r,v,o,u,s, ,e,n,e,r,g,y, ,n,e,r,v,o,u,s, ,s,h,y, ,a,w,a,y, ,a,g,g,r,e,s,s,i,v,e, ,g,o,o,d, ,a,d,u,l,t, ,c,h,i,l,d, ,s,i,b,l,e, ,s,p,e,e,d, ,p,l,a,y, ,c,h,i,l,l, ,s,n,o,o,z,e, ,a,w,a,y, ,o,v,e,r,a,l,l, ,b,e,h,a,v,e, ,s,w,e,e,t, ,q,u,i,c,k, ,l,e,a,r,n,e,r, ,r,o,u,g,h, ,m,a,m,a, ,b,l,i,n,d, ,s,l,o,w, ,h,b,d, ,p,a,t,i,e,n,t, ,d,e,d,i,c,a,t,i,o,n, ,s,t,r,u,c,t,u,r,e, ,l,o,v,e,l,y
 ,f,o,r,e,s,t, ,p,a,c,k, ,a,u,t,h,o,r,i,t,y, ,s,o,l,e, ,s,u,r,v,i,v,e, ,h,o,l,d, ,g,o,o,d
 ,l,o,n,g, ,l,o,n,g, ,s,t,a,r,v,e, ,l,o,c,k, ,b,a,c,k,y,a,r,d, ,s,t,a,r,v,e, ,f,o,o,d, ,s,t,a,r,v,e, ,t,h,r,i,v,e, ,a,t,t,e,n,t,i,o,n, ,i,n,t,e,r,a,c,t, ,l,o,c,k, ,a,w,a,y, ,f,o,o,d, ,w,a,s,t,e, ,f,o,o,d, ,e,a,t, ,m,o,r,s,e,l, ,w,a,l,k, ,a,f,f,e,c,t,i,o,n,a,t,e, ,w,a,l,k, ,l,e,a,d, ,s,i,t, ,w,a,i,t, ,f,o,o,d, ,s,e,r,v,e, ,j,u,m,p, ,f,o,o,d, ,s,w,e,e,t, ,s,w,e,e,t, ,w,a,i,t
 ,s,n,g, ,b,a,b,y, ,b,a,t,c,h, ,c,a,l,m, ,w,a,l,k, ,b,e,l,l,y, ,r,u,b, ,w,a,l,k, ,p,e,r,f,e,c,t,l,y, ,l,e,a,s,h, ,r,e,a,d,y
 ,w,e,s,t,e,r,n, ,i,s,l,a,n,d, ,s,a,v,e, ,r,e,g,u,l,a,r, ,p,r,e,t,t,y, ,s,i,c,k, ,e,m,a,c,i,a,t,e, ,b,a,g, ,s,o,n, ,b,l,a,c,k,i,e, ,n,o,r,m,a,l, ,o,u,t,c,a,s,t, ,r,e,s,i,d,e,n,t, ,n,e,l,l,y, ,s,p,e,n,d, ,t,a,k,e, ,p,u,p,p,y, ,t,i,m,i,d, ,s,m,a,l,l, ,a,g,g,r,e,s,s,i,v,e, ,c,h,o,o,s,e, ,h,a,b,i,t
 ,b,e,a,u,t,y, ,f,a,c,e, ,b,e,a,u,t,y, ,c,u,t, ,k,i,n,d, ,t,h,i,c,k, ,t,h,i,n, ,p,r,e,g,n,a,n,c,y, ,f,i,r,e, ,w,a,r,m, ,l,o,s,e, ,p,r,o,c,e,s,s, ,d,e,s,t,i,n,a,t,i,o,n, ,e,m,b,a,r,k, ,l,i,f,e,t,i,m,e, ,f,u,n, ,f,a,c,t, ,a,l,f,a
 ,r,e,a,d, ,m,a,n,g,a, ,r,e,c,o,g,n,i,s,e, ,d,e,t,e,c,t,i,v,e, ,b,u,b,b,l,y, ,p,l,a,y,f,u,l, ,b,u,n,d,l,e, ,f,u,r,r,y, ,g,o,o,d,n,e,s,s, ,w,a,i,t, ,i,n,v,e,s,t,i,g,a,t,e, ,s,u,r,r,o,u,n,d,i,n,g, ,g,o,o,d, ,d,e,t,e,c,t,i,v,e, ,c,a,u,t,i,o,u,s, ,t,i,m,i,d, ,c,r,i,m,i,n,a,l, ,s,c,e,n,t, ,g,o,o,d, ,d,e,t,e,c,t,i,v,e, ,c,a,r,e,f,u,l, ,w,o,r,r,i,e,d, ,w,a,r,m, ,f,r,i,e,n,d,l,y, ,c,o,m,p,a,n,i,o,n, ,w,i,n,s,o,m,e, ,s,m,i,l,e, ,s,t,r,i,k,i,n,g,l,y, ,c,o,a,t,e,d, ,f,u,r,p,a,l, ,w,a,i,t
 ,a,c,t,i,v,e, ,i,n,t,e,l,l,i,g,e,n,t, ,c,o,n,f,i,d,e,n,t,k,i,n,o, ,e,n,e,r,g,y, ,w,a,l,k, ,b,o,a,r,d,i,n,g, ,f,a,c,i,l,i,t,y, ,r,e,a,l, ,g,o,r,g,e,o,u,s, ,m,o,t,i,v,a,t,e,d, ,s,m,a,r,t, ,e,n,e,r,g,y, ,a,c,t,i,v,e, ,w,i,l,l,i,n,g, ,w,o,r,k, ,c,h,a,n,n,e,l, ,e,n,e,r,g,y, ,p,o,s,i,t,i,v,e, ,e,a,g,e,r, ,a,f,f,e,c,t,i,o,n, ,g,o,o,d, ,t,e,e,n,a,g,e, ,c,h,i,l,d
 ,s,w,e,e,t, ,a,f,f,e,c,t,i,o,n,a,t,e, ,c,o,m,p,a,n,i,o,n, ,g,e,n,t,l,e, ,l,o,w, ,e,n,e,r,g,y, ,e,n,j,o,y, ,s,l,e,e,p, ,a,w,a,y, ,s,i,g,n,a,t,u,r,e, ,b,o,o,p, ,l,i,e, ,f,o,o,t, ,w,o,r,k, ,d,e,v,e,l,o,p, ,s,e,p,a,r,a,t,i,o,n, ,a,n,x,i,e,t,y, ,d,e,s,t,r,u,c,t,i,v,e, ,c,o,r,r,e,c,t, ,t,r,a,i,n,i,n,g, ,w,i,l,l,i,n,g, ,w,o,r,k, ,s,e,p,a,r,a,t,i,o,n, ,a,n,x,i,e,t,y, ,c,o,n,f,i,d,e,n,t, ,d,o,g,g,o, ,d,e,l,i,g,h,t, ,w,a,l,k, ,t,u,g, ,l,o,v,i,n,g, ,p,o,o,c,h, ,w,a,r,m, ,l,i,t,t,l,e, ,t,a,k,e, ,b,l,o,s,s,o,m, ,j,o,y,f,u,l, ,w,a,r,m, ,l,o,v,i,n,g, ,d,e,s,e,r,v,e
 ,s,w,e,e,t,e,s,t, ,s,c,a,r,e,d, ,s,t,r,a,n,g,e, ,c,a,l,m, ,f,o,l,l,o,w, ,a,t,t,e,n,t,i,o,n, ,g,e,n,t,l,e, ,b,e,h,a,v,e, ,a,b,l,e, ,w,a,l,k, ,m,e,a,n, ,g,i,f,t, ,l,a,u,g,h,t,e,r
 ,s,w,e,e,t, ,s,h,y, ,n,e,r,v,o,u,s, ,l,i,f,e,t,i,m,e, ,h,o,r,r,i,f,y,i,n,g, ,c,o,n,d,i,t,i,o,n, ,c,h,a,i,n, ,c,a,g,e, ,e,n,t,i,r,e, ,s,a,v,e, ,c,h,a,i,n, ,a,c,t,i,o,n, ,c,o,m,f,o,r,t,a,b,l,e, ,i,n,d,o,o,r, ,o,u,t,d,o,o,r,s, ,e,x,p,e,c,t, ,s,w,e,e,t, ,w,a,l,k, ,h,a,r,n,e,s,s, ,l,e,a,s,h, ,p,a,t,i,e,n,t, ,w,o,r,l,d, ,s,c,a,r,y, ,d,e,s,e,r,v,e
 ,g,o,o,d, ,s,h,y, ,i,n,d,o,o,r, ,a,v,s, ,c,a,t,c,h,e,r, ,p,e,t,r,i,f,y, ,t,a,k,e, ,w,a,r,m, ,q,u,i,e,t, ,g,e,n,t,l,e, ,c,a,l,m, ,n,a,t,u,r,e, ,l,e,a,s,h, ,w,a,l,k, ,w,i,l,l,i,n,g, ,i,n,d,o,o,r, ,w,a,l,k, ,l,e,a,s,h
 ,q,u,i,e,t, ,t,i,m,i,d, ,k,i,n,d, ,g,e,n,t,l,e, ,d,a,m,e, ,s,w,e,e,t, ,f,r,i,e,n,d,l,y, ,e,n,j,o,y, ,o,u,t,s,i,d,e, ,s,e,n,i,o,r, ,o,u,t,d,o,o,r,s, ,p,l,e,a,s,u,r,e, ,w,a,l,k, ,t,r,o,t, ,a,l,o,n,g,s,i,d,e, ,p,a,t,i,e,n,t,l,y, ,t,a,k,e, ,s,t,o,p, ,l,o,s,e, ,g,o,o,d, ,d,a,n,d,y, ,p,a,s,s, ,a,w,a,y, ,o,r,i,g,i,n,a,l,l,y, ,t,r,a,p, ,g,o,l,d,e,n, ,w,a,i,t, ,l,o,n,g
 ,r,e,c,e,n,t, ,b,a,t,c,h, ,j,u,r,o,n,g, ,i,s,l,a,n,d, ,s,h,y, ,w,a,r,m, ,r,u,b, ,k,a,n,g,a,r,o,o, ,l,e,a,s,h, ,k,a,n,g,a,r,o,o, ,l,e,a,d, ,a,f,r,a,i,d, ,l,e,a,s,h
 ,c,h,e,e,k,y, ,w,a,r,m, ,f,o,o,d, ,m,o,t,i,v,a,t,e,d, ,s,t,r,o,n,g
 ,c,o,m,f,o,r,t,a,b,l,e, ,e,a,s,i,l,y, ,w,i,n
 ,t,h,r,o,w,b,a,c,k, ,g,o,o,d, ,r,o,s,y, ,m,a,n,d,a,i, ,d,o,t,e, ,m,e,a,l, ,n,i,c,k,n,a,m,e, ,m,a,n,d,y, ,m,a,r,i,o,n, ,p,a,t,r,o,l, ,m,a,n,d,a,i, ,w,a,r,n, ,d,e,s,t,r,o,y, ,d,e,v,e,l,o,p,m,e,n,t, ,t,h,r,e,a,t,e,n, ,a,p,p,e,a,r, ,b,l,e,a,k, ,c,a,r,e,t,a,k,e,r, ,r,o,o,f, ,t,e,m,p,o,r,a,r,y, ,f,m,n, ,m,a,n,d,y, ,f,m,n, ,s,t,r,i,k,i,n,g,l,y, ,s,i,m,i,l,a,r
 ,l,o,y,a,l, ,p,r,o,t,e,c,t,i,v,e, ,a,f,f,e,c,t,i,o,n,a,t,e, ,l,o,w, ,k,e,y, ,e,n,e,r,g,y, ,s,h,o,r,t, ,w,a,l,k, ,i,n,s,t,e,a,d, ,l,o,n,g, ,w,a,l,k, ,s,h,y, ,s,u,i,t,e,d, ,k,i,d, ,o,k,a,y, ,f,e,m,o,r,a,l, ,o,s,t,e,c,t,o,m,y, ,p,a,s,t, ,d,y,s,p,l,a,s,i,a, ,p,e,r,f,e,c,t, ,c,o,m,p,a,n,i,o,n, ,s,u,p,e,r, ,a,c,t,i,v,e, ,l,i,f,e,s,t,y,l,e, ,p,r,e,f,e,r, ,h,o,m,e,b,o,d,y
 ,s,h,y, ,e,x,c,e,l,l,e,n,t, ,c,o,m,f,o,r,t,a,b,l,e, ,w,a,l,k, ,l,e,a,s,h
 ,s,w,e,e,t, ,g,e,n,t,l,e, ,t,e,m,p,e,r,a,m,e,n,t, ,w,a,l,k, ,l,e,a,s,h, ,l,i,t,t,l,e, ,s,h,y, ,w,a,r,m
 ,m,i,n,i, ,s,i,z,e,d, ,m,o,n,g,r,e,l, ,s,u,p,e,r, ,c,u,t,e, ,f,a,c,e, ,n,i,c,e, ,s,h,a,d,e, ,f,r,i,e,n,d,l,y, ,w,a,g, ,w,e,l,c,o,m,e, ,w,a,l,k, ,l,e,a,s,h, ,m,o,m,e,n,t, ,e,x,p,e,c,t, ,c,o,n,f,i,d,e,n,c,e, ,q,u,i,c,k,l,y, ,q,u,i,c,k,l,y, ,p,e,t,i,t,e, ,s,i,z,e, ,s,w,e,e,t, ,c,a,r,e,f,u,l, ,i,n,s,t,a,l,l, ,w,i,n,d,o,w, ,g,r,i,l,l, ,a,g,i,l,e, ,c,l,i,m,b, ,s,c,a,l,e, ,e,r, ,e,n,c,l,o,s,u,r,e, ,f,e,n,c,e
 ,s,w,e,e,t, ,g,e,n,t,l,e, ,c,a,l,m, ,w,a,l,k, ,l,e,a,s,h, ,g,o,o,d
 ,i,n,d,e,p,e,n,d,e,n,t, ,q,u,i,e,t, ,f,o,o,d, ,m,o,t,i,v,a,t,e,d
 ,s,h,y, ,s,c,a,r,e,d, ,c,o,m,p,l,e,t,e,l,y, ,s,w,e,e,t, ,g,u,a,r,d, ,i,n,s,t,i,n,c,t, ,e,a,t, ,d,i,s,t,u,r,b, ,e,a,t, ,s,p,o,o,k, ,q,u,i,c,k,l,y, ,g,e,t,s, ,y,o,u,n,g, ,a,c,t,i,v,e, ,c,h,i,l,d
 ,p,a,s,s, ,a,d,o,p,t,i,v,e, ,b,e,g,i,n, ,n,e,g,l,e,c,t, ,w,e,l,f,a,r,e, ,l,i,t,t,l,e, ,l,i,t,t,l,e, ,c,u,t, ,l,o,n,g, ,s,t,o,r,y, ,s,h,o,r,t, ,w,e,l,f,a,r,e, ,m,e,r,c,y,l,i,g,h,t, ,g,o,o,d, ,p,r,o,b,l,e,m, ,p,r,e,v,i,o,u,s, ,n,o,t, ,d,e,s,t,r,u,c,t,i,v,e, ,n,a,u,g,h,t,y, ,b,a,s,i,c,a,l,l,y, ,r,e,s,p,o,n,s,i,b,l,y, ,b,a,c,k, ,a,c,t,i,o,n, ,p,l,a,i,n, ,w,o,r,d, ,r,e,a,l, ,l,i,f,e,t,i,m,e, ,c,o,m,m,i,t,m,e,n,t
 ,e,a,s,i,l,y, ,r,e,c,o,g,n,i,z,e, ,b,e,a,u,t,i,f,u,l, ,s,m,o,k,e,y, ,d,o,c,k, ,l,o,n,g, ,n,e,r,v,o,u,s, ,p,u,p, ,c,h,e,e,r,f,u,l, ,c,u,r,i,o,u,s, ,t,o,d,a,y, ,e,x,c,i,t,e,d, ,f,o,r,c,e, ,f,r,e,e, ,m,e,t,h,o,d, ,w,a,l,k, ,c,a,l,m,l,y, ,p,a,s,t, ,c,h,a,r,m, ,g,o,o,f,y, ,d,o,g,g,y, ,s,m,i,l,e, ,c,h,e,e,r,f,u,l, ,d,i,s,p,o,s,i,t,i,o,n, ,w,a,l,k,i,n,g, ,t,a,k,e, ,c,o,m,f,o,r,t,a,b,l,e, ,e,x,p,l,o,r,e, ,p,l,a,y, ,g,a,m,e, ,s,n,u,f,f,l,e, ,m,a,t, ,s,n,i,f,f, ,y,u,m,m,y, ,f,o,o,d, ,t,r,i,c,k, ,w,a,v,e, ,a,v,o,i,d, ,c,o,m,f,o,r,t,a,b,l,e, ,u,n,f,a,m,i,l,i,a,r, ,n,e,c,k, ,s,t,r,o,k,e
 ,h,a,l,u,s, ,b,i,t, ,t,o,m, ,s,i,m,p,l,y, ,r,u,n, ,t,a,k,e, ,w,a,r,m, ,c,o,l,o,u,r, ,s,t,i,c,k, ,o,f,f,e,r
 ,s,h,y, ,l,o,n,g, ,t,e,r,r,i,f,i,e,d, ,p,u,p,p,y, ,s,p,c,a, ,f,a,i,r,l,y, ,s,w,e,e,t, ,g,e,n,t,l,e, ,t,e,m,p,e,r,a,m,e,n,t, ,f,o,l,l,o,w, ,c,i,l,l,a, ,i,n,t,e,r,e,s,t,i,n,g,l,y, ,c,o,n,f,i,d,e,n,c,e, ,r,i,s,e, ,n,o,t,c,h, ,r,u,n, ,e,n,j,o,y, ,p,l,a,y,t,i,m,e, ,s,h,y, ,c,a,l,m, ,r,e,l,a,x,e,d, ,s,e,t,t,l,e, ,u,n,d,e,r,s,t,a,n,d, ,g,o,l,d, ,i,n,t,e,r,a,c,t, ,s,p,e,c,i,a,l,i,z,e,d, ,t,r,a,i,n,i,n,g
 ,o,u,t,g,o,i,n,g, ,f,e,a,r,l,e,s,s, ,g,e,l, ,p,a,c,k, ,s,l,e,e,p, ,c,o,m,f,o,r,t,a,b,l,y, ,i,n,t,e,l,l,i,g,e,n,t, ,m,e,a,n, ,p,e,a,c,e
 ,b,i,g, ,b,a,b,y, ,p,l,a,y, ,r,o,u,g,h, ,j,u,m,p, ,g,o,o,d, ,w,e,l,c,o,m,e, ,r,e,c,o,g,n,i,s,e, ,l,o,u,d, ,k,r,a,n,j,i, ,c,o,f,f,e,e, ,s,h,o,p, ,p,e,s,t, ,c,o,n,t,r,o,l
 ,f,r,i,e,n,d,l,y, ,a,f,f,e,c,t,i,o,n,a,t,e, ,l,o,y,a,l, ,p,r,o,t,e,c,t,i,v,e, ,a,t,t,e,n,t,i,o,n, ,m,o,t,i,v,a,t,e,d, ,a,l,p,h,a, ,a,c,t,i,v,e,l,y, ,u,s,e, ,a,w,a,y, ,a,f,f,e,c,t,i,o,n, ,w,a,l,k, ,c,h,a,l,l,e,n,g,e, ,w,a,l,k, ,i,d,e,a,l,l,y, ,f,i,r,m
 ,s,t,o,i,c, ,b,r,a,v,e, ,i,n,d,e,p,e,n,d,e,n,t, ,g,o,o,d, ,p,r,o,t,e,c,t, ,p,r,e,t,t,y, ,i,n,d,e,p,e,n,d,e,n,t, ,c,u,r,l, ,s,h,a,r,e, ,w,a,l,k, ,c,o,n,f,i,d,e,n,t, ,t,h,e,i,r,s, ,t,r,u,l,y, ,s,t,o,r,y, ,f,r,i,e,n,d,s,h,i,p, ,g,o,o,d, ,w,o,r,l,d
 ,s,h,y, ,f,r,i,e,n,d,l,y, ,n,e,r,v,o,u,s, ,s,w,e,e,t, ,s,h,y, ,c,o,n,f,i,d,e,n,t, ,b,e,a,u, ,c,h,a,n,g,i, ,b,i,t, ,s,c,a,r,e,d, ,w,o,r,l,d, ,e,n,j,o,y, ,w,a,l,k, ,s,w,i,m,m,i,n,g, ,s,h,i,n,y, ,b,i,g, ,e,n,d,e,a,r, ,s,m,i,l,e, ,c,o,n,f,i,d,e,n,c,e
 ,c,r,e,a,m,y, ,g,o,l,d,e,n, ,p,u,p, ,l,i,t,t,l,e, ,c,h,a,r,m,e,r, ,f,r,i,e,n,d,l,y, ,p,l,a,y,f,u,l, ,p,u,p, ,p,l,a,y, ,r,e,a,d,y, ,w,i,l,l,i,n,g, ,s,m,o,t,h,e,r, ,a,f,f,e,c,t,i,o,n, ,u,s,e, ,p,l,a,y, ,r,u,n, ,p,o,i,n,t, ,s,e,t,t,l,e, ,b,e,a,u,t,i,f,u,l, ,y,o,u,n,g
 ,a,t,t,e,n,t,i,o,n, ,l,o,i,t,e,r, ,t,r,a,p, ,n,e,u,t,e,r, ,r,e,l,e,a,s,e, ,f,e,e,d,b,a,c,k, ,r,u,n, ,r,o,a,d, ,m,a,t,t,e,r, ,g,e,t,s, ,s,t,e,r,i,l,i,z,a,t,i,o,n, ,s,p,a,y, ,f,e,a,r,f,u,l, ,c,l,i,n,i,c, ,a,r,r,i,v,e, ,a,p,p,e,a,r, ,f,a,i,r,l,y, ,r,e,l,a,x,e,d, ,w,a,g, ,s,h,o,w, ,s,i,g,n, ,a,g,g,r,e,s,s,i,o,n, ,l,e,a,s,h, ,m,a,t,t,e,r, ,i,m,p,o,r,t,a,n,t, ,w,a,n,d,e,r
 ,q,u,i,e,t, ,s,h,y, ,s,w,e,e,t, ,g,o,r,g,e,o,u,s, ,a,f,f,e,c,t,i,o,n,a,t,e, ,k,i,n,d, ,s,h,a,r,e, ,s,o,n, ,c,o,m,p,a,n,y, ,g,e,n,t,l,e, ,c,o,n,f,i,d,e,n,t, ,c,u,d,d,l,e, ,e,n,j,o,y, ,w,a,l,k, ,o,u,t,d,o,o,r, ,a,d,v,e,n,t,u,r,e, ,w,a,l,k, ,l,e,a,s,h, ,p,a,c,e, ,c,a,l,m, ,s,u,p,p,o,r,t, ,s,e,n,i,o,r
 ,p,l,a,y,f,u,l, ,a,c,t,i,v,e, ,f,r,i,e,n,d,l,y, ,f,o,o,d, ,m,o,t,i,v,a,t,e,d, ,e,a,s,i,l,y, ,p,a,d, ,e,x,c,i,t,a,b,l,e, ,e,a,s,i,l,y, ,t,u,g, ,w,a,l,k, ,a,p,p,r,e,h,e,n,s,i,o,n, ,s,e,t,t,l,e, ,c,o,n,f,i,d,e,n,t, ,p,a,t,i,e,n,t, ,a,c,t,i,v,e, ,y,o,u,n,g, ,k,i,d, ,f,l,o,u,r,i,s,h, ,c,o,n,f,i,d,e,n,c,e
 ,c,o,n,f,i,d,e,n,t, ,d,a,r,e, ,e,x,p,l,o,r,e, ,a,f,r,a,i,d, ,p,h,o,t,o, ,a,n,g,e,l, ,c,u,t,e, ,c,h,o,o,s,e, ,m,e,a,n, ,p,e,a,c,e, ,s,a,f,e,t,y, ,i,t,a,l,i,a,n, ,l,o,r,d, ,e,n,a,b,l,e, ,s,a,v,e
 ,n,e,r,v,o,u,s, ,t,i,m,i,d, ,s,w,e,e,t, ,f,r,e,s,h, ,b,i,g, ,p,u,p,p,y, ,c,o,m,p,l,e,t,e,l,y, ,o,v,e,r,w,h,e,l,m,e,d, ,t,a,k,e, ,l,i,t,t,l,e, ,s,e,t,t,l,e, ,c,o,m,f,o,r,t,a,b,l,e, ,g,r,e,a,t, ,a,b,l,e, ,w,a,l,k, ,o,u,t,d,o,o,r,s, ,l,i,v,e,l,y, ,c,o,n,f,i,d,e,n,c,e
 ,l,o,y,a,l, ,p,r,o,t,e,c,t,i,v,e, ,s,h,y, ,l,e,g,g,e,d, ,w,o,r,r,y, ,c,o,n,f,i,d,e,n,t, ,v,i,v,a,c,i,o,u,s, ,s,t,o,p, ,p,a,r,k, ,r,i,d,e, ,h,a,n,g, ,v,o,l,l,i,e, ,r,u,n, ,l,o,s,e, ,a,c,c,i,d,e,n,t, ,t,r,a,g,i,c,a,l,l,y, ,l,o,s,e, ,m,u,m, ,t,a,k,e, ,l,i,t,t,l,e, ,r,e,g,a,i,n, ,c,o,n,f,i,d,e,n,c,e, ,h,o,n,e,s,t,l,y, ,l,o,y,a,l, ,l,o,v,i,n,g
 ,s,h,y, ,e,n,e,r,g,e,t,i,c, ,n,e,r,v,o,u,s, ,s,w,e,e,t, ,a,c,c,i,d,e,n,t, ,f,a,c,t,o,r,y, ,w,a,l,k, ,g,o,o,d, ,p,a,c,e, ,f,e,l,l,o,w, ,s,t,a,i,r, ,c,o,u,r,s,e, ,c,h,a,l,l,e,n,g,e, ,c,a,r,r,y, ,s,t,a,i,r, ,f,o,r,t,u,n,a,t,e,l,y, ,l,i,g,h,t,w,e,i,g,h,t, ,c,o,m,f,o,r,t,a,b,l,e, ,h,o,l,d, ,p,l,a,y,f,u,l, ,c,o,m,f,o,r,t,a,b,l,e, ,m,o,t,i,v,a,t,e, ,i,n,s,i,d,e, ,o,u,t,s,i,d,e, ,b,i,t, ,a,f,f,e,c,t,i,o,n,a,t,e, ,r,e,a,s,s,u,r,a,n,c,e, ,w,a,l,k, ,d,o,g,g,y, ,c,o,m,p,a,n,i,o,n
 ,t,a,k,e, ,w,a,r,m, ,p,a,s,i,r, ,p,a,n,j,a,n,g, ,h,u,n,g,e,r
 ,e,x,p,e,r,i,e,n,c,e,d, ,d,e,d,i,c,a,t,e, ,g,o,o,d, ,m,a,n,n,e,r, ,t,e,e,n,a,g,e,r, ,w,a,l,k, ,o,u,t,d,o,o,r, ,g,e,n,t,l,e, ,c,u,d,d,l,e
 ,b,e,a,u,t,i,f,u,l, ,y,o,u,n,g, ,e,n,e,r,g,y, ,a,c,t,i,v,e, ,p,l,a,y,f,u,l, ,g,r,e,a,t, ,o,u,t,d,o,o,r,s
 ,e,n,e,r,g,e,t,i,c, ,o,u,t,g,o,i,n,g, ,c,o,n,f,i,d,e,n,t, ,c,o,n,f,i,d,e,n,t, ,e,x,t,r,o,v,e,r,t,e, ,h,a,n,g, ,g,o,o,d, ,t,e,a,m, ,m,o,t,i,v,a,t,e, ,f,o,o,d, ,c,l,e,v,e,r, ,t,r,a,i,n,a,b,l,e, ,j,u,m,p, ,j,o,y, ,a,b,l,e, ,s,e,t,t,l,e, ,p,a,i,r, ,g,o,o,d, ,c,o,m,p,a,n,y, ,h,a,t,e, ,s,p,l,i,t
 ,n,o,a,h, ,r,e,s,p,e,c,t,i,v,e,l,y, ,p,o,i,n,t, ,p,u,p,p,y, ,g,o,t, ,r,u,n, ,c,a,r,c,a,s,s, ,c,o,m,p,l,e,t,e,l,y, ,f,l,a,t,t,e,n, ,r,o,a,d, ,l,e,a,d, ,e,x,p,r,e,s,s,w,a,y, ,h,o,r,r,i,b,l,e, ,s,i,g,h,t, ,s,p,r,i,n,g, ,a,c,t,i,o,n, ,q,u,i,c,k,l,y, ,s,e,t, ,t,r,a,p, ,r,e,m,a,i,n, ,p,u,p, ,d,i,s,c,o,v,e,r, ,p,r,e,s,e,n,c,e, ,d,a,n,g,e,r, ,f,a,s,t, ,m,o,v,e, ,v,e,h,i,c,l,e, ,e,x,p,r,e,s,s,w,a,y, ,s,p,o,t, ,h,u,g,e, ,p,y,t,h,o,n, ,p,l,a,n, ,f,o,i,l, ,s,m,a,r,t, ,a,l,e,c,k, ,i,n,s,i,s,t, ,h,a,r,m, ,p,u,p, ,e,x,p,l,a,i,n, ,m,i,s,s,i,o,n, ,s,a,b,o,t,a,g,e, ,t,r,a,p, ,p,u,p,p,y, ,d,i,s,a,p,p,e,a,r, ,s,p,o,t, ,r,e,s,u,m,e, ,p,u,p, ,i,d,e,a, ,c,o,n,f,i,d,e,n,t, ,o,u,t,g,o,i,n,g, ,f,a,s,t, ,p,r,e,t,t,y, ,i,n,t,e,l,l,i,g,e,n,t, ,q,u,i,c,k,l,y, ,s,k,i,l,l, ,s,i,t, ,s,m,a,r,t, ,m,e,a,n, ,c,h,e,e,k,y, ,b,a,l,a,n,c,e, ,d,i,s,c,i,p,l,i,n,e, ,d,e,v,e,l,o,p, ,w,o,n,d,e,r,f,u,l, ,g,o,o,d, ,f,o,u,n,d,a,t,i,o,n
 ,t,y,p,i,c,a,l, ,b,r,e,e,d, ,g,o,o,d, ,n,a,t,u,r,e,d, ,w,a,l,k, ,e,x,p,l,o,r,e, ,a,d,v,e,n,t,u,r,o,u,s, ,a,c,t,i,v,e, ,w,a,l,k, ,l,o,a,d, ,a,f,f,e,c,t,i,o,n, ,p,e,r,f,e,c,t, ,c,o,m,p,a,n,i,o,n, ,i,n,t,e,r,a,c,t, ,s,p,e,c,i,a,l,i,z,e,d, ,t,r,a,i,n,i,n,g, ,c,o,u,n,s,e,l,l,o,r
 ,w,a,r,m, ,f,a,c,e, ,p,l,a,y,f,u,l, ,n,a,t,u,r,e, ,g,o,o,d, ,r,i,d,e, ,w,a,l,k, ,e,a,s,i,l,y, ,e,x,p,e,r,i,e,n,c,e,d, ,p,a,t,i,e,n,t, ,w,i,l,l,i,n,g, ,s,p,e,n,d, ,b,o,n,d,i,n,g, ,e,a,r,n, ,t,r,u,s,t, ,a,d,u,l,t
 ,s,h,y, ,s,w,e,e,t, ,l,i,t,t,l,e, ,a,n,x,i,o,u,s,r,o,s,e,m,a,r,y, ,s,h,y, ,o,r,g,a,n,i,s,a,t,i,o,n, ,t,a,k,e, ,f,i,n,a,l,l,y, ,c,o,n,f,i,d,e,n,t, ,s,p,e,n,d, ,h,u,n,d,r,e,d, ,h,o,u,r, ,s,o,f,t,l,y, ,w,o,r,k, ,c,o,n,f,i,d,e,n,c,e, ,r,e,a,s,s,u,r,e, ,r,e,s,u,l,t, ,w,a,l,k, ,o,u,t,s,i,d,e, ,l,e,a,s,h, ,r,e,g,u,l,a,r,l,y, ,q,u,i,e,t, ,t,i,m,i,d, ,e,x,p,e,r,i,e,n,c,e,d, ,w,o,r,l,d
 ,b,e,h,a,v,e, ,o,c,c,a,s,i,o,n,a,l,l,y, ,n,i,b,b,l,e, ,f,u,r,n,i,t,u,r,e, ,q,u,i,c,k,l,y, ,c,o,r,r,e,c,t,i,o,n, ,p,r,o,b,l,e,m, ,e,x,e,r,c,i,s,e, ,s,o,c,i,a,b,l,e, ,k,i,d, ,p,a,d, ,u,n,d,e,r,s,t,a,n,d,s, ,s,i,t, ,d,i,s,l,i,k,e, ,c,e,r,t,a,i,n, ,l,o,u,d, ,p,r,e,t,t,y, ,c,o,n,d,i,t,i,o,n, ,m,e,g,a,e,s,o,p,h,a,g,u,s, ,m,o,n,i,t,o,r,i,n,g, ,v,o,m,i,t,i,n,g, ,l,a,r,g,e,l,y, ,o,c,c,u,r, ,a,b,l,e, ,v,o,m,i,t, ,e,n,s,u,r,e, ,i,n,h,a,l,e, ,f,o,o,d, ,v,o,m,i,t, ,a,v,o,i,d, ,a,s,p,i,r,a,t,e, ,p,n,e,u,m,o,n,i,a, ,w,h,i,n,e, ,h,u,n,g,r,y, ,b,o,r,e,d, ,e,x,e,r,c,i,s,e, ,s,o,l,v,e, ,c,h,e,w, ,f,u,r,n,i,t,u,r,e, ,p,a,p,e,r, ,o,c,c,a,s,i,o,n,a,l,l,y, ,s,u,b,s,t,i,t,u,t,e, ,c,h,o,o,s,e, ,s,w,e,e,t, ,d,e,s,e,r,v,e, ,c,o,n,d,i,t,i,o,n
 ,r,e,c,y,c,l,i,n,g, ,l,i,m, ,c,h,u, ,k,a,n,g
 ,s,h,y, ,n,e,r,v,o,u,s, ,e,n,e,r,g,e,t,i,c, ,s,w,e,e,t, ,s,p,e,n,d, ,m,u,m, ,c,h,e,e,k,y, ,c,a,u,s,e, ,r,u,c,k,u,s, ,l,o,u,d, ,c,o,n,f,i,d,e,n,t, ,u,n,d,e,r,n,e,a,t,h, ,g,e,n,t,l,e, ,s,o,u,l, ,c,o,n,f,i,d,e,n,c,e, ,w,a,l,k, ,o,u,t,s,i,d,e, ,f,i,n,a,l,l,y, ,o,f,f,e,r, ,l,o,n,g, ,t,e,r,m, ,r,e,s,i,d,e,n,t, ,w,a,i,t, ,e,n,t,i,r,e
 ,t,i,n,y, ,d,r,a,i,n, ,h,o,l,e, ,f,o,r,c,e, ,h,o,l,e, ,o,r,d,e,r, ,r,a,i,n,y, ,s,e,a,s,o,n, ,d,r,a,i,n, ,e,a,s,i,l,y, ,f,l,o,o,d, ,m,a,t,t,e,r, ,e,n,d,a,n,g,e,r, ,l,i,t,t,l,e, ,t,i,m,i,d, ,t,a,k,e, ,s,t,e,r,i,l,i,z,a,t,i,o,n, ,d,u,m,p, ,w,i,l,d, ,g,o,o,d, ,c,o,n,n,e,c,t,i,o,n, ,y,o,u,n,g, ,t,a,k,e, ,t,i,n,y, ,m,a,l,n,u,t,r,i,t,i,o,n,e,d, ,f,a,s,t, ,n,e,g,a,t,i,v,e, ,r,e,a,c,t,i,o,n
 ,p,u,p,p,y, ,q,u,i,e,t, ,l,o,v,a,b,l,e, ,b,i,g, ,b,o,a,r,d,i,n,g, ,w,o,r,k, ,t,r,i,m, ,h,e,a,l,t,h,y, ,w,a,l,k, ,l,e,a,s,h, ,w,a,l,k, ,t,r,u,s,t, ,a,b,l,e, ,d,r,i,v,e, ,b,i,g, ,c,o,m,p,a,n,i,o,n
 ,g,e,n,t,l,e, ,c,a,l,m, ,e,x,c,e,l,l,e,n,t, ,p,e,t, ,c,l,a,i,m, ,p,o,u,n,d, ,h,a,r,d, ,g,o,o,d, ,p,e,r,f,e,c,t
 ,f,u,s,s,y, ,e,a,t,e,r, ,g,e,n,t,l,e, ,w,a,l,k, ,l,e,a,d
 ,m,e,d,i,u,m, ,s,i,z,e,d, ,w,e,i,g,h, ,w,a,l,k, ,l,e,a,s,h, ,u,s,e, ,p,a,d, ,s,t,e,r,i,l,i,z,e, ,v,a,c,c,i,n,a,t,e, ,f,r,i,e,n,d,l,y, ,a,g,g,r,e,s,s,i,o,n, ,t,e,r,r,i,t,o,r,i,a,l, ,s,i,n,g,l,e, ,p,e,t, ,a,l,l,e,r,g,y,s,h,a,r,p,e,i, ,s,w,e,e,t, ,n,a,t,u,r,e,d, ,t,o,u,g,h, ,s,u,r,v,i,v,e, ,s,w,e,e,t, ,b,u,l,l,y, ,n,o,t,i,c,e, ,a,t,t,e,n,t,i,o,n, ,a,f,f,e,c,t,i,o,n,a,t,e, ,g,o,o,d, ,l,i,k,e,l,y, ,b,u,l,l,y, ,i,n,s,t,i,n,c,t, ,d,e,f,e,n,d, ,p,l,a,y, ,n,i,c,e, ,i,n,t,r,o,d,u,c,e, ,s,l,o,w,l,y, ,p,r,o,b,l,e,m, ,f,o,o,d, ,e,n,v,i,r,o,n,m,e,n,t,a,l, ,f,l,a,r,e, ,r,e,s,u,l,t, ,d,o,g,g,y, ,s,c,e,n,t, ,s,e,n,s,i,t,i,v,e, ,h,a,r,d, ,t,o,l,e,r,a,t,e, ,a,v,a,i,l,a,b,l,e, ,c,o,m,m,i,t,m,e,n,t, ,a,d,m,i,n,i,s,t,e,r, ,c,h,a,l,l,e,n,g,e, ,b,o,a,r,d,i,n,g, ,b,o,a,r,d,i,n,g, ,p,i,t,y, ,l,o,c,k, ,b,o,a,r,d,i,n,g, ,f,r,i,e,n,d,l,y, ,a,b,s,o,l,u,t,e,l,y, ,c,o,m,p,a,n,y, ,l,o,y,a,l, ,c,o,m,p,a,n,i,o,n, ,g,o,o,f,y, ,c,u,d,d,l,e,b,u,g
 ,s,l,i,n,k,y, ,p,a,i,r, ,j,u,r,o,n,g, ,i,s,l,a,n,d, ,p,u,p,p,y, ,c,o,n,s,t,r,a,i,n,t, ,m,a,i,n, ,o,p,p,o,r,t,u,n,i,t,y, ,t,r,a,n,s,f,e,r, ,p,o,p,u,l,a,r, ,y,o,u,n,g, ,p,u,p,p,e,r, ,s,w,e,e,t, ,l,o,v,i,n,g, ,p,a,s,t, ,c,o,l,o,u,r, ,w,i,l,l,i,n,g, ,o,v,e,r,d,u,e
 ,f,r,i,e,n,d,l,y, ,a,f,f,e,c,t,i,o,n,a,t,e, ,p,l,a,y,f,u,l, ,w,a,l,k, ,p,e,r,k, ,w,o,r,d, ,i,d,e,a,l,l,y, ,r,e,g,u,l,a,r, ,w,a,l,k, ,t,w,i,c,e, ,b,a,s,i,c, ,c,e,r,t,a,i,n, ,e,g, ,t,r,u,c,k, ,l,o,u,d, ,e,t,c, ,w,a,l,k, ,l,e,a,s,h, ,f,i,r,m,l,y, ,s,p,o,t, ,c,e,r,t,a,i,n, ,w,a,l,k, ,c,o,m,p,a,n,y, ,g,o,o,d
 ,a,f,f,e,c,t,i,o,n,a,t,e, ,c,h,a,r,m, ,g,a,z,e, ,s,m,o,o,t,h, ,w,a,v,y, ,l,o,c,k, ,r,a,i,s,e, ,s,a,f,e, ,t,a,k,e, ,w,a,l,k, ,t,e,r,r,i,f,y, ,r,a,i,n,y, ,d,i,s,p,l,a,y, ,f,e,a,r, ,a,g,g,r,e,s,s,i,o,n, ,a,p,a,r,t,m,e,n,t, ,l,i,v,i,n,g, ,s,e,n,d, ,w,o,r,k, ,t,r,u,s,t, ,s,a,f,e, ,c,o,m,p,a,n,y, ,f,o,r,e,i,g,n
 ,j,u,r,o,n,g, ,i,s,l,a,n,d, ,c,a,r,e,g,i,v,e,r, ,l,i,t,t,l,e, ,l,o,n,g, ,w,a,r,m, ,c,o,m,f,o,r,t,a,b,l,e, ,l,e,a,s,h, ,w,a,l,k, ,e,n,j,o,y, ,p,a,c,k, ,w,a,l,k, ,w,i,l,l, ,l,o,n,g, ,j,u,r,o,n,g, ,i,s,l,a,n,d
 ,r,e,s,e,r,v,e, ,s,w,e,e,t, ,c,u,r,i,o,u,s, ,b,a,c,h,e,l,o,r, ,m,o,v,e, ,s,w,e,e,t, ,s,h,y, ,e,n,t,i,r,e, ,s,h,a,r,e, ,m,u,m, ,b,i,g, ,r,e,a,l,i,s,e, ,u,n,d,e,r,n,e,a,t,h, ,b,i,g, ,s,h,y, ,p,u,p,p,y, ,k,i,n,d, ,b,i,g, ,w,a,l,k
 ,s,w,e,e,t, ,s,h,y, ,j,u,r,o,n,g, ,i,s,l,a,n,d, ,c,h,r,o,n,i,c, ,k,i,d,n,e,y, ,d,i,s,e,a,s,e, ,s,u,b,c,u,t,a,n,e,o,u,s, ,f,l,u,i,d, ,i,n,j,e,c,t,i,o,n, ,p,r,e,s,c,r,i,b,e,d, ,m,a,i,n,t,a,i,n, ,q,u,a,l,i,t,y, ,g,o,o,d, ,t,o,l,e,r,a,n,t, ,l,i,t,t,l,e, ,s,c,a,r,e,d, ,s,i,n,g,l,e, ,f,u,s,s, ,c,h,r,o,n,i,c, ,c,o,n,d,i,t,i,o,n, ,b,i,g, ,c,o,n,d,u,c,i,v,e, ,c,l,e,a,n,l,i,n,e,s,s, ,s,t,r,e,s,s, ,i,d,e,a,l, ,m,e,n,t,i,o,n, ,s,i,c,k, ,c,o,n,s,i,d,e,r, ,s,h,y, ,p,a,t,i,e,n,t, ,c,a,r,e,f,u,l
 ,g,e,n,t,l,e, ,c,h,i,l,l, ,g,o,o,d, ,w,a,r,m, ,f,r,i,e,n,d,l,y, ,f,a,c,e, ,g,e,n,t,l,e, ,c,a,l,m, ,g,o,o,d, ,r,i,d,e, ,c,o,n,f,i,d,e,n,c,e, ,e,a,s,i,l,y, ,w,a,l,k, ,p,a,t,i,e,n,t, ,y,o,u,n,g, ,k,i,d
 ,w,a,n,d,e,r, ,a,i,m,l,e,s,s,l,y, ,t,o,a, ,p,a,y,o,h, ,s,a,v,e, ,a,u,t,h,o,r,i,t,y, ,l,o,o,m, ,l,a,s,s,o, ,r,e,a,d,y, ,c,a,p,t,u,r,e, ,k,i,n,d, ,s,c,o,o,p, ,h,e,s,i,t,a,t,i,o,n, ,r,u,n, ,i,r,r,e,s,p,o,n,s,i,b,l,e, ,d,i,r,t,y, ,b,i,t,e, ,b,u,g, ,c,a,u,s,e, ,p,r,o,b,l,e,m, ,c,i,t,e, ,o,h, ,d,i,s,e,a,s,e, ,b,i,t,e, ,b,u,g, ,c,u,r,e, ,w,o,r,l,d, ,a,l,r,i,g,h,t, ,s,h,a,l,l, ,n,a,p, ,i,m,p,l,y, ,t,o,t,a,l, ,s,w,e,e,t
 ,s,w,e,e,t, ,p,o,s,t,i,v,e, ,b,a,s,e, ,t,r,a,i,n,i,n,g, ,s,c,a,r,e,d, ,b,i,g, ,w,i,d,e, ,w,o,r,l,d, ,g,o,o,d, ,s,l,o,w,l,y, ,g,e,n,t,l,y, ,i,n,t,e,r,a,c,t, ,s,p,e,c,i,a,l,i,z,e,d, ,t,r,a,i,n,i,n,g
 ,l,o,c,a,l, ,c,r,o,s,s,b,r,e,e,d, ,s,t,e,r,i,l,i,s,e, ,v,a,c,c,i,n,a,t,e, ,m,i,c,r,o,c,h,i,p,p,e, ,p,a,d, ,a,f,f,e,c,t,i,o,n,a,t,e, ,p,l,a,y,f,u,l, ,g,o,o,d, ,c,a,l,m, ,c,h,i,l,d,r,e,n,g,o,o,d, ,d,o,g,s, ,r,o,u,g,h, ,v,a,c,a,t,e,d, ,f,a,c,t,o,r,y, ,d,e,a,l, ,h,e,a,v,y, ,b,l,o,a,t,e,d, ,l,a,t,e,r, ,d,i,s,c,o,v,e,r, ,l,e,a,d, ,p,o,i,s,o,n,i,n,g, ,h,e,a,l,t,h,y, ,s,l,i,g,h,t,l,y, ,e,l,e,v,a,t,e, ,l,e,a,d, ,s,l,o,w,l,y, ,e,x,p,e,l, ,n,a,t,u,r,a,l,l,y, ,u,n,i,q,u,e, ,w,e,i,g,h, ,s,w,e,e,t, ,p,l,a,y,f,u,l, ,g,o,o,f,y, ,a,f,f,e,c,t,i,o,n,a,t,e, ,c,h,i,l,d, ,f,o,o,d, ,e,n,t,h,u,s,i,a,s,t, ,h,e,a,l,t,h,y, ,a,p,p,e,t,i,t,e, ,w,a,l,k, ,l,e,a,s,h, ,e,a,s,i,l,y, ,l,o,u,d, ,p,a,t,i,e,n,t, ,c,o,n,f,i,d,e,n,c,e, ,a,s,s,u,r,e,d, ,g,e,n,t,l,e, ,s,w,e,e,t,h,e,a,r,t
 ,c,a,l,m, ,q,u,i,e,t, ,f,r,i,e,n,d,l,y, ,p,o,s,i,t,i,v,e, ,b,a,b,e,s,i,a, ,h,e,a,r,t,w,o,r,m, ,w,a,l,k, ,l,e,a,s,h
 ,s,h,y, ,q,u,i,e,t, ,r,e,s,e,r,v,e,d, ,g,o,o,d, ,a,b,s,o,l,u,t,e,l,y, ,i,n,s,e,c,u,r,e, ,c,o,m,f,o,r,t, ,f,r,i,g,h,t,e,n,e,d, ,p,r,o,t,e,c,t,o,r, ,w,a,l,k, ,b,e,a,u,t,i,f,u,l, ,b,o,n,d, ,p,a,i,r, ,s,p,e,c,i,a,l
 ,f,i,n,a,l,l,y, ,w,o,n,d,e,r,f,u,l, ,s,w,e,e,t, ,c,h,a,r,a,c,t,e,r, ,w,a,l,k, ,l,e,a,s,h, ,f,o,l,l,o,w, ,l,e,a,d, ,w,a,r,m, ,q,u,i,e,t,l,y, ,s,i,t, ,e,x,t,r,a,o,r,d,i,n,a,r,y, ,c,h,a,r,m, ,g,r,o,o,m, ,l,i,c,k, ,f,a,c,e, ,t,o,l,e,r,a,n,t, ,m,a,y,b,e, ,e,n,j,o,y, ,a,t,t,e,n,t,i,o,n, ,s,e,t, ,b,e,a,u,t,i,f,u,l, ,g,e,r,m,a,n, ,w,h,i,n,e, ,t,a,l,k, ,s,o,u,n,d, ,w,h,i,n,e
 ,b,i,g, ,s,i,z,e,d, ,w,e,i,g,h, ,e,n,e,r,g,e,t,i,c, ,p,l,a,y, ,r,e,g,u,l,a,r, ,e,n,g,a,g,e, ,f,a,c,e, ,e,x,p,e,r,i,e,n,c,e,d, ,b,i,t,e, ,m,i,s,u,n,d,e,r,s,t,o,o,d, ,g,o,o,d, ,e,x,t,e,r,i,o,r, ,i,n,s,i,d,e, ,f,a,m,o,u,s, ,b,u,k,i,t, ,b,a,t,o,k, ,p,u,p,p,y, ,h,i,l,l, ,b,u,k,i,t, ,b,a,t,o,k, ,m,r,t, ,s,t,a,t,i,o,n, ,r,e,a,d, ,d,e,e,p, ,i,n,s,i,d,e, ,f,o,r,e,s,t, ,s,u,r,r,e,n,d,e,r, ,l,i,n,e, ,f,e,r,a,l, ,l,i,t,t,l,e, ,t,r,u,s,t, ,e,n,t,i,r,e, ,a,g,g,r,e,s,s,i,o,n, ,p,r,e,s,e,n,t,l,y, ,c,o,m,m,e,r,c,i,a,l, ,b,o,a,r,d,i,n,g, ,f,a,c,i,l,i,t,y, ,i,m,p,o,s,s,i,b,l,e, ,g,r,e,a,t,l,y, ,e,x,p,e,r,i,e,n,c,e,d, ,t,r,u,s,t
 ,s,i,g,n, ,a,g,g,r,e,s,s,i,o,n, ,s,w,e,e,t, ,n,a,t,u,r,e,d, ,t,r,a,i,n,i,n,g, ,b,o,a,r,d,i,n,g, ,s,h,a,r,e, ,c,o,n,d,i,t,i,o,n, ,b,o,a,r,d,i,n,g, ,g,o,o,d, ,l,i,v,i,n,g, ,c,o,n,d,i,t,i,o,n, ,f,u,r,r,y, ,b,a,b,y, ,p,r,o,v,i,d,e, ,t,y,p,i,c,a,l,l,y, ,h,i,g,h, ,s,u,r,v,i,v,a,l, ,i,n,s,t,i,n,c,t, ,e,s,c,a,p,e, ,a,r,t,i,s,t, ,a,l,e,r,t,n,e,s,s, ,l,e,a,s,h, ,l,e,a,s,h, ,t,r,a,i,n,i,n,g, ,b,r,e,a,k, ,l,e,a,s,h, ,e,s,c,a,p,e, ,s,h,o,w, ,a,g,g,r,e,s,s,i,o,n, ,s,w,e,e,t, ,t,e,m,p,e,r,a,m,e,n,t, ,c,o,n,f,i,d,e,n,t, ,e,x,c,e,l
 ,a,n,x,i,o,u,s, ,i,n,s,e,c,u,r,e, ,e,n,e,r,g,e,t,i,c, ,s,p,e,n,d, ,e,n,t,i,r,e, ,m,u,m, ,l,i,t,t,l,e, ,n,e,r,v,o,u,s, ,w,a,l,k, ,o,u,t,s,i,d,e, ,l,e,a,s,h, ,t,r,u,s,t, ,e,f,f,o,r,t, ,s,e,c,u,r,e, ,p,a,t,i,e,n,t, ,o,w,n, ,t,i,m,i,d
 ,g,o,o,f,y, ,p,u,p,p,y, ,m,r, ,j,i,a,k, ,u,n,i,n,v,i,t,e,d, ,d,e,w,a,l,i, ,g,o,o,d,y, ,k,i,n,d, ,p,u,p, ,f,a,i,l, ,c,h,a,i,n, ,f,o,o,d, ,w,a,l,k, ,c,u,d,d,l,e, ,s,h,o,r,t, ,u,n,c,o,n,d,i,t,i,o,n,a,l,l,y, ,p,e,r,f,e,c,t, ,u,p,b,r,i,n,g,i,n,g, ,u,n,d,e,r,s,t,a,n,d, ,i,n,t,e,n,t,i,o,n, ,w,o,r,r,y, ,t,r,a,i,n,e,r, ,t,r,i,a,l, ,f,u,n, ,f,r,u,i,t,y, ,k,i,d, ,b,e,l,l,y, ,r,u,b, ,e,x,c,h,a,n,g,e, ,m,e,g,a,w,a,t,t, ,s,m,i,l,e, ,l,i,n,k
 ,h,a,n,d,s,o,m,e, ,h,e,a,r,t,w,o,r,m, ,m,o,m,e,n,t, ,n,e,r,v,o,u,s, ,p,o,o,p, ,f,e,a,r, ,q,u,i,c,k,l,y, ,s,p,e,n,d, ,e,x,t,r,a, ,c,o,m,f,o,r,t,a,b,l,e, ,h,o,p,e,f,u,l,l,y, ,r,e,a,d,y, ,c,o,m,p,l,e,t,e, ,h,e,a,r,t,w,o,r,m
 ,r,o,a,m, ,p,a,s,i,r, ,r,i,s, ,h,a,p,p,i,l,y, ,h,o,p, ,s,t,r,a,n,g,e, ,s,h,o,w,e,r, ,l,o,s,t, ,h,o,p,e,f,u,l,l,y, ,c,l,a,i,m, ,t,i,l,l, ,p,a,s,t, ,b,i,g, ,s,m,a,l,l, ,u,t,t,e,r, ,j,o,y, ,w,a,l,k, ,v,o,l,l,i,e, ,g,e,n,e,r,o,u,s, ,l,i,c,k, ,g,o,o,d, ,c,u,d,d,l,e, ,c,o,m,f,o,r,t,a,b,l,e, ,u,n,c,o,v,e,r, ,c,e,r,t,a,i,n, ,b,e,h,a,v,i,o,r, ,w,o,r,k, ,f,o,o,d, ,a,g,g,r,e,s,s,i,o,n, ,m,e,a,n, ,c,a,r,e,f,u,l, ,o,f,f,e,r, ,m,e,a,l, ,s,e,n,s,i,t,i,v,e, ,m,e,a,n, ,i,n,t,e,r,e,s,t,e,d, ,w,o,r,k, ,c,a,r,e,f,u,l, ,d,i,s,c,i,p,l,i,n,e, ,m,a,n,n,e,r, ,t,e,a,c,h, ,o,w,n,e,r,s,h,i,p, ,t,e,r,r,i,t,o,r,y, ,h,o,l,d, ,d,e,s,e,r,v,e, ,e,n,q,u,i,r,e, ,k,e,e,n
 ,e,x, ,l,a,t,e,r, ,e,l,d,e,r,l,y, ,f,o,l,k, ,m,o,v,e, ,u,n,a,b,l,e, ,a,c,c,e,p,t, ,p,r,e,s,e,n,c,e, ,a,f,f,e,c,t,i,o,n,a,t,e, ,w,a,l,k, ,p,l,a,y, ,w,a,t,e,r, ,h,o,t, ,d,r,i,n,k, ,s,o,c,i,a,b,l,e
 ,h,a,n,d,s,o,m,e, ,p,u,p, ,l,o,s,e, ,e,x,u,b,e,r,a,n,c,e, ,y,o,u,n,g, ,s,e,l,f, ,n,a,t,u,r,e, ,s,a,f,e, ,e,n,j,o,y, ,p,l,a,y,t,i,m,e, ,p,a,t,i,e,n,t, ,b,r,a,v,e, ,u,n,f,a,m,i,l,i,a,r, ,c,o,n,s,i,s,t,e,n,t, ,h,u,m,a,n,e, ,c,o,m,f,o,r,t,a,b,l,e, ,h,a,n,d,l,i,n,g, ,s,l,o,w,l,y, ,c,o,n,f,i,d,e,n,c,e, ,p,r,o,c,e,s,s, ,t,r,i,c,k, ,b,a,g, ,p,l,a,y, ,d,o,g,s,l,e,a,r,n,e, ,t,r,i,c,k, ,q,u,i,c,k, ,l,e,a,r,n,e,r, ,r,u,n, ,e,x,p,l,o,r,e, ,a,v,o,i,d, ,e,n,t,e,r, ,s,u,p,e,r,v,i,s,i,o,n,q,u,i,c,k, ,e,x,c,i,t,e, ,j,u,m,p,f,o,r,c,e, ,c,o,l,l,a,r, ,h,a,r,n,e,s,s, ,f,r,i,g,h,t,e,n,e,d,p,u,l,l,e, ,s,t,a,l,l, ,s,t,r,u,g,g,l,e, ,l,e,a,s,h, ,i,n,t,e,r,a,c,t, ,s,p,e,c,i,a,l,i,z,e,d, ,t,r,a,i,n,i,n,g
 ,n,o,r,t,h, ,t,w,i,n, ,a,l,i,k,e, ,c,h,a,r,a,c,t,e,r, ,s,i,m,i,l,a,r, ,s,h,y, ,n,a,t,u,r,e, ,w,a,r,m, ,i,n,s,i,d,e, ,r,e,s,e,r,v,e, ,n,a,t,u,r,e, ,l,i,t,t,l,e, ,c,h,i,l,d, ,f,u,n, ,k,i,d, ,i,n,t,r,i,g,u,e, ,f,o,l,l,o,w, ,t,o,d,d,l,e,r, ,i,n,v,o,l,v,e, ,f,u,n, ,a,w,a,k,e,n, ,i,n,n,e,r, ,n,a,t,u,r,e
 ,h,i,d,e, ,w,e,a,k, ,e,m,a,c,i,a,t,e, ,q,u,i,c,k,l,y, ,m,e,d,l,e,y, ,i,n,f,e,c,t, ,b,l,o,t,c,h,y, ,u,r,i,n,a,t,e, ,u,r,i,n,a,r,y, ,t,r,a,c,t, ,i,n,f,e,c,t,i,o,n, ,u,t,i, ,b,a,r,e,l,y, ,r,a,y, ,s,u,g,g,e,s,t, ,m,o,m,e,n,t, ,p,o,o,r,l,y, ,h,o,s,p,i,t,a,l, ,r,e,g,a,i,n, ,s,t,r,e,n,g,t,h, ,d,i,s,c,h,a,r,g,e, ,c,o,u,r,s,e, ,c,o,m,p,l,e,t,e, ,u,t,i, ,b,r,i,g,h,t, ,p,a,s,s, ,a,b,l,e, ,f,a,c,e, ,t,a,l,e, ,s,i,g,n, ,t,o,u,g,h, ,h,a,r,d, ,r,e,m,a,i,n, ,s,w,e,e,t, ,g,e,n,t,l,e, ,p,r,o,p,e,r, ,h,o,p,e,f,u,l, ,g,o,o,d, ,c,o,n,s,i,d,e,r, ,d,e,s,e,r,v,e, ,k,e,e,n, ,s,e,n,i,o,r, ,w,r,i,t,e
 ,l,o,i,t,e,r,i,n,g, ,i,n,s,i,d,e, ,n,u,r,s,e,r,y, ,w,o,r,k,e,r, ,c,h,a,s,e, ,a,w,a,y, ,s,c,a,r,e, ,c,u,s,t,o,m,e,r, ,n,e,w,s, ,i,n,c,i,d,e,n,t, ,d,r,i,v,e, ,a,r,r,i,v,a,l, ,r,e,a,l,i,z,e, ,y,o,u,n,g, ,c,o,a,x,i,n,g, ,i,n,t,r,o,d,u,c,t,i,o,n, ,s,t,r,a,i,g,h,t, ,c,a,r,r,y, ,l,a,p, ,c,a,s,e, ,a,b,a,n,d,o,n,m,e,n,t, ,s,i,t, ,l,e,a,s,h, ,a,v,o,i,d, ,w,e,a,r, ,s,u,s,p,i,c,i,o,n, ,t,i,e, ,l,e,a,s,h, ,l,e,a,s,h, ,f,i,n,e, ,l,e,a,d, ,w,a,i,t, ,s,e,t, ,s,m,a,l,l, ,w,a,l,k, ,s,u,r,p,r,i,s,i,n,g,l,y, ,w,a,l,k, ,a,f,f,i,r,m, ,c,o,m,m,o,n, ,p,u,p,p,y, ,c,u,t,e, ,c,u,d,d,l,y, ,r,e,s,p,o,n,s,i,b,i,l,i,t,y, ,w,a,l,k, ,t,e,a,c,h, ,e,t,c, ,c,h,o,s,e, ,e,a,s,y, ,o,p,t,i,o,n, ,l,a,m,e, ,e,x,c,u,s,e, ,d,o,w,n,g,r,a,d,i,n,g, ,c,h,i,l,d, ,w,o,r,k, ,b,u,s,y, ,f,i,n,a,n,c,e, ,m,e,n,t,a,l, ,c,a,p,a,c,i,t,y, ,f,o,r,e,s,e,e, ,a,h,e,a,d, ,o,b,v,i,o,u,s,l,y, ,c,a,s,e, ,r,u,n, ,a,w,a,y, ,r,e,s,p,o,n,s,i,b,i,l,i,t,y, ,c,o,m,m,i,t,m,e,n,t, ,p,o,o,r,l,y, ,t,e,a,c,h, ,t,e,a,c,h, ,c,o,n,t,r,o,l, ,p,l,a,y, ,b,i,t,e, ,b,r,u,i,s,e, ,p,l,a,y, ,b,i,t,e, ,o,n,w,a,r,d, ,i,m,p,r,o,v,e,m,e,n,t
 ,f,r,i,e,n,d,l,y, ,w,a,r,m, ,i,n,s,t,a,n,t,l,y, ,k,i,s,s, ,f,a,c,e, ,d,e,m,a,n,d, ,a,f,f,e,c,t,i,o,n, ,l,o,n,g, ,g,o,o,d, ,d,e,s,e,r,v,e, ,p,o,s,s,i,b,l,e
 ,f,r,i,e,n,d,l,y, ,a,f,f,e,c,t,i,o,n,a,t,e, ,e,n,j,o,y, ,g,e,t,t,i,n,g, ,f,u,s,s, ,t,e,r,r,i,f,y, ,p,a,n,i,c, ,a,t,t,a,c,k, ,p,o,u,r, ,c,h,e,w, ,e,n,c,l,o,s,u,r,e, ,d,o,o,r, ,w,h,i,n,e, ,a,n,x,i,e,t,y, ,s,e,t,t,l,e, ,c,r,a,t,e, ,b,i,t, ,c,o,m,f,o,r,t,a,b,l,e, ,w,o,r,k, ,o,v,e,r,c,o,m,e, ,f,e,a,r, ,s,a,f,e, ,i,n,j,u,r,e, ,a,n,x,i,e,t,y
 ,o,f,f,s,p,r,i,n,g, ,s,e,p,t, ,h,u,g,e, ,c,a,n,a,l, ,b,l,i,n,d, ,s,k,i,n,n,y, ,s,k,i,n,n,y, ,c,e,r,t,a,i,n, ,p,r,e,g,n,a,n,t, ,w,o,r,m, ,v,e,t,e,r,i,n,a,r,i,a,n, ,p,h,y,s,i,c,a,l, ,a,s,s,e,s,s,m,e,n,t, ,f,o,l,l,o,w, ,l,o, ,b,e,h,o,l,d, ,p,u,p,p,y, ,s,a,f,e, ,c,l,e,a,n, ,w,a,s,h, ,a,w,a,y, ,c,a,n,a,l, ,d,r,o,w,n, ,s,e,l,f, ,d,i,g, ,p,i,t, ,h,u,g,e, ,c,a,n,a,l, ,f,o,l,l,o,w, ,s,a,v,e
 ,m,e,a,n, ,g,o,o,d, ,g,o,o,d, ,p,u,p, ,c,a,l,m, ,g,e,n,t,l,e, ,s,e,t,t,l,e, ,s,m,i,l,e, ,w,i,d,e, ,p,a,s,s, ,w,a,g,g,i,n,g, ,t,o,u,g,h, ,p,u,p, ,y,o,u,n,d, ,s,a,f,e, ,r,u,n, ,s,c,a,v,a,g,e, ,f,o,o,d
 ,f,r,i,g,h,t,e,n,e,d, ,a,n,x,i,o,u,s, ,s,m,a,r,t,y,u,n,c,a, ,y,o,u,n,g, ,s,p,e,n,d, ,n,e,r,v,o,u,s, ,a,n,x,i,o,u,s, ,s,p,e,n,d, ,e,n,c,o,u,r,a,g,e, ,t,e,r,r,i,f,i,e,d, ,w,e,a,r, ,h,a,r,n,e,s,s, ,w,a,l,k, ,c,o,n,f,i,d,e,n,t,l,y, ,o,u,t,s,i,d,e, ,e,x,p,e,r,i,e,n,c,e,d, ,p,a,t,i,e,n,t,l,y, ,e,n,c,o,u,r,a,g,e, ,t,r,u,s,t, ,l,o,u,d, ,f,r,i,g,h,t,e,n,e,d, ,t,o,l,e,r,a,n,t
 ,n,o,a,h, ,e,a,r,l,y, ,l,i,t,t,l,e, ,l,i,k,e,l,y, ,t,a,k,e, ,a,w,a,y, ,o,b,v,i,o,u,s,l,y, ,p,e,r,s,p,e,c,t,i,v,e, ,s,l,i,g,h,t, ,c,l,u,e, ,t,a,k,e, ,f,r,u,i,t,l,e,s,s, ,t,r,a,p,p,i,n,g, ,v,e,r,g,e, ,p,u,p,p,y, ,p,e,r,s,i,s,t, ,p,u,p,p,y, ,i,n,t,e,r,e,s,t,i,n,g,l,y, ,c,a,l,m, ,g,o,t, ,t,r,a,p, ,s,l,e,e,p, ,s,o,u,n,d,l,y, ,t,r,a,p, ,l,i,e, ,s,t,r,e,t,c,h, ,o,u,t,w,a,r,d, ,r,e,l,a,x,e,d, ,p,o,s,i,t,i,o,n, ,s,c,r,e,a,m, ,s,o,f,t, ,s,l,i,g,h,t, ,d,i,s,s,a,t,i,s,f,a,c,t,i,o,n, ,d,i,s,t,u,r,b, ,s,l,e,e,p, ,e,a,s,i,l,y, ,b,a,r,e, ,c,a,r,r,i,e,r, ,s,t,r,u,g,g,l,e, ,p,o,o, ,s,c,a,r,e,d, ,e,a,t, ,f,o,o,d, ,a,r,r,i,v,e, ,h,o,u,r, ,l,a,t,e,r, ,p,a,c,k, ,s,p,e,c,i,a,l, ,s,p,e,a,k
 ,n,e,r,v,o,u,s, ,q,u,i,e,t, ,s,h,y,j,u,s,t, ,s,p,e,n,d, ,s,w,e,e,t, ,q,u,i,e,t, ,r,e,s,e,r,v,e,d, ,c,h,a,r,a,c,t,e,r, ,e,n,j,o,y, ,h,a,n,g, ,c,o,n,f,i,d,e,n,c,e, ,c,o,m,f,o,r,t, ,o,u,t,s,i,d,e, ,w,a,l,k, ,w,h,i,n,e, ,e,x,c,i,t,e,m,e,n,t, ,l,e,a,s,h
 ,c,u,t,e, ,l,i,t,t,l,e, ,p,u,p,p,y, ,a,g,g,r,e,s,s,i,o,n, ,s,e,t,t,l,e, ,l,i,t,t,l,e, ,f,e,a,r,f,u,l, ,i,n,s,e,c,u,r,e, ,p,a,n,t, ,s,w,e,e,t, ,l,i,t,t,l,e, ,u,n,d,e,r,n,e,a,t,h, ,s,t,i,c,k, ,c,o,m,f,o,r,t, ,s,i,t, ,e,n,c,l,o,s,u,r,e, ,t,r,u,s,t
 ,p,a,s,s,i,o,n,a,t,e, ,a,c,t,i,v,e, ,e,n,j,o,y, ,o,u,t,s,i,d,e, ,w,a,l,k, ,r,u,n, ,r,o,u,g,h, ,w,r,e,s,t,l,i,n,g, ,c,o,n,s,t,a,n,t,l,y, ,a,s,k, ,a,f,f,e,c,t,i,o,n, ,e,n,j,o,y, ,g,o,o,d, ,b,e,l,l,y, ,r,u,b, ,r,o,l,l, ,a,s,k, ,s,t,r,o,n,g, ,l,e,a,s,h, ,g,o,o,d, ,e,x,p,e,r,i,e,n,c,e,d, ,a,c,t,i,v,e, ,l,i,f,e,s,t,y,l,e
 ,c,h,a,r,m,i,n,g, ,s,w,e,e,t, ,f,r,i,e,n,d,l,y, ,m,o,v,e, ,c,h,e,e,r,f,u,l, ,r,e,s,i,l,i,e,n,t, ,l,i,v,i,n,g, ,b,e,a,u,t,i,f,u,l, ,s,t,o,p, ,v,i,s,i,t,o,r, ,t,r,a,c,k
 ,s,w,e,e,t, ,f,r,i,e,n,d,l,y, ,a,f,f,e,c,t,i,o,n, ,a,t,t,e,n,t,i,o,n, ,s,u,i,t,e,d
 ,f,r,i,e,n,d,l,y, ,a,l,o,o,f, ,e,n,j,o,y, ,c,o,m,f,o,r,t,a,b,l,e, ,w,a,l,k, ,l,e,a,s,h, ,p,a,c,e
 ,s,h,y, ,d,i,s,p,o,s,i,t,i,o,n, ,t,r,u,s,t, ,c,o,n,f,i,d,e,n,t, ,c,o,m,p,a,n,i,o,n, ,a,s,s,u,r,a,n,c,e, ,v,e,n,t,u,r,e, ,b,r,e,a,k, ,f,u,s,s, ,f,r,e,e, ,w,a,l,k, ,g,o,o,d, ,r,o,l,l
 ,s,h,y, ,w,a,r,m, ,a,f,f,e,c,t,i,o,n,a,t,e, ,a,s,k, ,q,u,i,e,t, ,w,a,l,k, ,r,u,b
 ,c,o,n,f,i,d,e,n,t, ,l,o,y,a,l, ,g,o,o,d, ,g,u,a,r,d, ,i,n,d,i,v,i,d,u,a,l, ,y,o,u,n,g, ,k,i,d, ,m,o,m,e,n,t, ,p,r,o,t,e,c,t,i,v,e, ,f,o,l,k, ,w,a,l,k, ,s,w,e,e,t, ,g,o,o,d, ,r,u,b, ,m,o,m,e,n,t, ,b,i,t, ,j,e,a,l,o,u,s, ,a,t,t,e,n,t,i,o,n, ,t,r,e,a,s,u,r,e, ,o,u,t,s,i,d,e, ,w,a,t,e,r, ,s,w,i,m, ,g,e,t,t,i,n,g, ,h,o,s,e, ,d,u,n,k, ,b,u,c,k,e,t,f,u,l, ,w,a,t,e,r, ,g,o,o,d, ,l,a,r,g,e, ,l,i,v,i,n,g, ,i,d,e,a,l,l,y
 ,a,c,t,i,v,e, ,p,l,a,y,f,u,l
 ,f,r,i,e,n,d,l,y, ,a,f,f,e,c,t,i,o,n,a,t,e, ,c,o,m,p,a,n,y
 ,c,a,u,t,i,o,u,s, ,e,n,j,o,y, ,w,a,l,k, ,w,a,l,k, ,a,l,o,n,g,s,i,d,e, ,b,i,t,e, ,l,e,a,s,h, ,h,a,r,n,e,s,s, ,r,e,c,o,m,m,e,n,d, ,q,u,i,e,t, ,c,a,l,m, ,p,a,t,i,e,n,t, ,e,x,p,e,r,i,e,n,c,e,d, ,g,r,e,a,t,l,y, ,s,e,p,a,r,a,t,i,o,n, ,a,n,x,i,e,t,y
 ,s,w,e,e,t, ,e,a,s,y, ,c,a,p,t,u,r,e, ,k,i,n,d, ,e,n,j,o,y, ,a,f,f,e,c,t,i,o,n, ,w,a,l,k, ,f,u,s,s, ,f,r,e,e, ,g,r,e,a,t
 ,h,a,n,d,s,o,m,e, ,r,o,t,t,w,e,i,l,e,r, ,p,o,s,s,e,s,s, ,f,r,i,e,n,d,l,y, ,n,a,t,u,r,e, ,w,a,g,g,y, ,e,x,c,e,l,l,e,n,t, ,i,n,d,o,o,r, ,c,a,r,e,f,u,l, ,f,u,r,n,i,t,u,r,e, ,s,h,r,e,d,d,i,n,g, ,c,l,a,w, ,f,u,r,n,i,t,u,r,e, ,c,o,n,s,i,d,e,r, ,e,a,g,e,r, ,o,v,e,r,l,y, ,e,x,c,i,t,a,b,l,e, ,p,e,r,c,e,p,t,i,v,e, ,r,e,a,d, ,m,o,o,d, ,s,e,e,k, ,a,t,t,e,n,t,i,o,n, ,f,r,e,e, ,c,o,n,t,e,n,t, ,w,a,i,t, ,p,a,y, ,a,t,t,e,n,t,i,o,n
 ,s,h,y, ,w,a,r,m, ,f,o,o,d, ,m,o,t,i,v,a,t,e,d, ,p,e,e,p,a,d, ,a,g,g,r,e,s,s,i,o,n, ,w,a,l,k, ,l,e,a,s,h, ,l,o,n,g, ,s,e,t,t,l,e
 ,l,i,t,t,l,e, ,s,h,y, ,q,u,i,e,t, ,c,a,l,m, ,w,a,l,k, ,l,e,a,s,h
 ,c,o,n,f,i,d,e,n,t, ,c,h,e,e,k,y, ,a,c,t,i,v,e, ,w,a,l,k, ,l,e,a,s,h
 ,s,w,e,e,t, ,b,i,t, ,r,e,s,e,r,v,e, ,w,a,r,m, ,t,r,a,n,s,f,o,r,m, ,p,l,a,y,f,u,l
 ,e,x,u,b,e,r,a,n,t, ,f,r,i,e,n,d,l,y, ,p,l,a,y,f,u,l, ,s,t,a,n,d, ,l,i,c,k, ,f,a,c,e, ,w,e,l,c,o,m,e, ,f,o,o,d, ,d,i,s,t,u,r,b, ,e,a,t, ,e,x,p,e,r,i,e,n,c,e,d, ,s,t,r,o,n,g, ,w,a,l,k, ,t,a,k,e, ,s,h,o,r,t, ,w,a,l,k, ,a,f,r,a,i,d, ,l,o,u,d, ,h,o,r,n
 ,c,h,a,r,m,e,r, ,i,n,s,t,a,n,t,l,y, ,r,u,n, ,a,f,f,e,c,t,i,o,n, ,m,o,t,i,v,a,t,e, ,g,o,o,d, ,r,u,b, ,g,r,e,a,t, ,g,r,e,a,t, ,p,u,p, ,f,i,r,m, ,c,o,n,t,r,o,l, ,w,a,l,k
 ,s,h,y, ,w,a,r,m, ,l,i,t,t,l,e, ,w,o,r,k, ,t,r,u,s,t, ,s,w,e,e,t, ,s,u,r,r,o,u,n,d,i,n,g, ,b,i,t, ,w,a,l,k, ,l,e,a,s,h, ,c,a,l,m, ,a,s,s,e,r,t,i,v,e, ,c,o,n,f,i,d,e,n,c,e, ,w,a,l,k
 ,s,h,y, ,c,u,r,i,o,u,s, ,w,a,r,m, ,s,w,e,e,t,i,e, ,l,i,t,t,l,e, ,s,h,o,w, ,w,a,l,k, ,h,o,v,e,r, ,a,r,m, ,l,e,n,g,t,h, ,g,e,n,t,l,y, ,p,e,t, ,p,e,t, ,s,t,a,n,d, ,a,r,m, ,t,i,r,e,d, ,p,e,t, ,c,u,r,l, ,b,e,d, ,w,a,r,m, ,q,u,i,c,k, ,f,o,o,d, ,m,o,t,i,v,a,t,e, ,b,r,i,b,e,r,y, ,g,r,e,a,t, ,w,i,n, ,w,a,l,k, ,t,r,e,m,e,n,d,o,u,s,l,y, ,s,t,a,r,t,l,e,d, ,t,y,p,i,c,a,l,l,y, ,f,l,i,g,h,t, ,m,o,d,e, ,k,i,c,k, ,p,r,e,f,e,r, ,w,a,l,k, ,c,o,m,f,o,r,t,a,b,l,e, ,r,e,a,s,o,n, ,c,a,l,m, ,e,x,p,e,r,i,e,n,c,e,d, ,h,o,l,d, ,p,a,n,i,c, ,c,a,l,m, ,w,a,l,k, ,g,o,o,d, ,q,u,i,e,t,e,r, ,y,o,u,n,g, ,c,h,i,l,d, ,e,n,t,e,r,t,a,i,n,i,n,g, ,w,a,l,k, ,b,u,s,y, ,w,a,l,k, ,m,t, ,f,a,b,e,r, ,p,r,e,f,e,r, ,q,u,i,c,k, ,s,n,i,f,f, ,t,y,p,i,c,a,l,l,y, ,c,a,l,m, ,c,o,n,f,i,d,e,n,t, ,t,r,u,s,t, ,s,w,e,e,t, ,a,v,a,i,l,a,b,l,e, ,m,t, ,f,a,b,e,r
 ,s,h,y, ,b,r,e,a,k, ,g,e,n,t,l,e, ,e,n,j,o,y, ,t,e,n,d,e,r, ,b,l,o,s,s,o,m, ,w,o,n,d,e,r,f,u,l, ,c,o,m,p,a,n,i,o,n
 ,q,u,i,e,t, ,l,o,w, ,m,a,i,n,t,a,i,n,a,n,c,e, ,f,o,o,d, ,m,o,t,i,v,a,t,e,d, ,a,f,f,e,c,t,i,o,n,a,t,e, ,m,a,t,u,r,e,d, ,a,c,t,i,v,e, ,w,a,l,k, ,s,m,a,l,l, ,c,o,s,y, ,t,e,m,p,e,r,a,m,e,n,t, ,f,a,c,t, ,e,a,s,y, ,w,a,l,k, ,t,i,m,e,r, ,c,o,n,s,i,d,e,r, ,u,n,i,t, ,f,r,i,e,n,d,l,y
 ,e,a,g,e,r, ,p,l,a,y, ,f,r,e,q,u,e,n,t,l,y, ,a,s,k, ,g,o,o,d, ,b,e,l,l,y, ,r,u,b, ,a,s,k, ,w,a,l,k, ,l,e,a,s,h, ,c,h,e,e,k,y, ,i,n,e,x,p,e,r,i,e,n,c,e,d, ,a,f,f,e,c,t,i,o,n,a,t,e, ,s,n,a,p, ,g,o,o,d, ,c,h,i,l,d, ,p,u,p, ,e,x,p,e,r,i,e,n,c,e,d
 ,b,i,t, ,w,a,r,m, ,s,w,e,e,t, ,a,f,f,e,c,t,i,o,n,a,t,e, ,g,o,o,d, ,a,c,t,i,v,e, ,c,h,i,l,d, ,p,l,a,y,f,u,l, ,s,w,i,m
 ,p,l,a,y,f,u,l, ,f,r,i,e,n,d,l,y, ,p,u,p,p,y, ,m,o,u,t,h,y, ,f,o,o,d, ,m,o,t,i,v,a,t,e,d, ,f,i,n,e, ,c,o,n,f,i,d,e,n,t, ,l,e,a,s,h
 ,f,r,i,e,n,d,l,y, ,w,a,l,k, ,l,e,a,s,h, ,p,a,c,e, ,f,l,o,p, ,w,a,l,k, ,r,o,l,l, ,b,a,s,k, ,s,u,n,n,y, ,w,e,a,t,h,e,r, ,c,u,t,e, ,s,i,g,h,t
 ,i,n,t,e,l,l,i,g,e,n,t, ,a,l,e,r,t, ,w,a,r,m
 ,s,w,e,e,t, ,d,i,s,p,o,s,i,t,i,o,n, ,t,a,k,e, ,w,a,r,m, ,p,a,p,e,r, ,u,n,d,e,r,s,t,a,n,d, ,b,a,s,i,c, ,w,a,l,k
 ,s,h,y, ,c,u,r,i,o,u,s, ,m,o,t,i,v,a,t,e,d, ,w,a,l,k, ,l,e,a,s,h, ,c,a,u,t,i,o,u,s, ,o,u,t,s,i,d,e
 ,p,l,a,y,f,u,l, ,f,r,i,e,n,d,l,y, ,m,i,d,s,t, ,w,a,l,k, ,l,e,a,s,h, ,p,a,d
 ,g,o,l,d,e,n, ,p,o,i,n,t,y, ,n,e,r,v,o,u,s, ,s,l,o,w,l,y, ,c,o,n,f,i,d,e,n,c,e, ,w,a,l,k, ,c,o,n,f,i,d,e,n,t, ,w,i,l,l,i,n,g, ,g,u,i,d,e, ,s,e,c,u,r,e, ,w,a,l,k, ,c,o,n,f,i,d,e,n,c,e
 ,c,o,n,f,i,d,e,n,t, ,h,i,g,h, ,e,n,e,r,g,y, ,p,l,a,y,f,u,l, ,w,a,l,k, ,a,l,p,h,a, ,d,i,s,p,l,a,y, ,d,o,m,i,n,a,n,c,e
 ,g,e,n,t,l,e, ,w,i,l,l,i,n,g, ,s,w,e,e,t, ,s,u,p,e,r, ,d,o,c,i,l,e, ,g,r,e,a,t, ,k,i,d, ,f,o,o,d, ,d,r,i,v,e
 ,g,u,a,r,d, ,n,e,r,v,o,u,s, ,f,a,c,e, ,s,u,f,f,i,c,i,e,n,t, ,a,b,s,o,l,u,t,e, ,s,w,e,e,t,h,e,a,r,t, ,i,n,t,e,l,l,i,g,e,n,t, ,p,l,a,y,f,u,l, ,e,n,d,e,a,r, ,e,x,p,e,r,i,e,n,c,e,d, ,s,e,n,s,i,t,i,v,e, ,e,x,p,e,r,t,i,s,e, ,w,o,r,k
 ,s,u,p,e,r, ,a,f,f,e,c,t,i,o,n,a,t,e, ,g,r,e,a,t, ,c,h,i,l,d, ,f,i,n,e, ,p,l,a,y,f,u,l, ,c,h,e,e,k,y, ,a,c,t,i,v,e, ,h,i,g,h, ,e,n,e,r,g,y
 ,l,o,n,g, ,p,u,p,p,y, ,s,c,a,r,e,d, ,w,a,r,m, ,f,a,c,e, ,m,o,t,i,v,a,t,e,d, ,s,n,i,f,f, ,c,a,u,t,i,o,u,s,l,y, ,a,b,l,e, ,w,a,l,k, ,l,e,a,s,h, ,p,a,t,i,e,n,t, ,y,o,u,n,g, ,c,h,i,l,d
 ,s,w,e,e,t, ,a,f,f,e,c,t,i,o,n,a,t,e, ,g,o,o,d, ,w,a,l,k, ,s,m,i,l,e, ,p,l,a,s,t,e,r, ,f,a,c,e, ,s,c,r,a,t,c,h, ,s,h,a,d,o,w, ,f,o,l,l,o,w, ,e,n,j,o,y, ,w,a,l,k
 ,f,a,i,r, ,b,i,t, ,f,a,m,i,l,i,a,r,i,s,e, ,t,r,u,s,t, ,p,l,a,y,f,u,l, ,a,f,f,e,c,t,i,o,n,a,t,e, ,e,n,j,o,y, ,g,o,o,d, ,c,h,e,s,t, ,b,e,l,l,y, ,r,u,b, ,w,a,l,k, ,l,e,a,s,h, ,g,o,o,d, ,k,i,d, ,e,x,p,e,r,i,e,n,c,e,d, ,f,i,r,m
 ,c,a,n,t,o,n,e,s,e, ,s,e,e,d, ,f,r,i,e,n,d,l,y, ,d,o,o,r, ,a,c,t,i,v,e, ,e,n,j,o,y, ,r,u,n, ,p,l,a,y, ,s,t,r,o,n,g, ,l,e,a,s,h, ,e,x,c,i,t,e,m,e,n,t, ,f,i,r,m
 ,s,h,y, ,h,e,s,i,t,a,n,t, ,t,r,u,s,t, ,a,f,f,e,c,t,i,o,n
 ,p,a,c,k, ,b,i,g, ,r,o,u,n,d, ,f,l,o,p,p,y, ,l,a,b,r,a,d,o,r, ,p,u,p,p,y, ,h,u,g
 ,f,r,i,e,n,d,l,y, ,s,o,c,i,a,b,l,e, ,t,a,l,l, ,b,i,g, ,p,h,y,s,i,q,u,e, ,a,f,f,e,c,t,i,o,n,a,t,e, ,h,a,n,d,s,o,m,e, ,g,o,o,d, ,e,a,s,i,l,y, ,e,x,c,i,t,a,b,l,e, ,w,a,l,k, ,e,x,p,e,r,i,e,n,c,e,d, ,t,u,g, ,s,t,r,o,n,g,l,y, ,h,a,r,n,e,s,s, ,y,o,u,n,g, ,c,h,i,l,d
 ,g,u,e,s,s, ,d,e,a,t,h, ,p,l,a,y,f,u,l, ,a,c,t,i,v,e, ,l,i,t,t,l,e, ,s,w,e,e,t,h,e,a,r,t, ,s,t,r,o,n,g, ,w,i,l,l,e,d, ,b,o,l,d, ,t,r,u,e, ,s,u,r,v,i,v,o,r, ,s,h,o,w, ,a,f,f,e,c,t,i,o,n, ,p,l,a,y,f,u,l,l,y, ,f,i,n,g,e,r, ,w,h,i,m,p,e,r, ,s,o,f,t,l,y, ,q,u,i,e,t
 ,i,n,c,r,e,d,i,b,l,y, ,f,r,i,e,n,d,l,y, ,j,u,m,p, ,e,x,c,i,t,e,d, ,p,u,p,p,y, ,e,n,e,r,g,y, ,r,o,u,g,h, ,p,l,a,y, ,l,i,s,t,e,n, ,w,a,l,k, ,e,x,p,e,r,i,e,n,c,e,d, ,p,u,p,p,y, ,e,n,t,h,u,s,i,a,s,m, ,s,t,r,o,n,g,l,y, ,r,e,c,o,m,m,e,n,d, ,e,n,g,a,g,e, ,p,r,o,f,e,s,s,i,o,n,a,l, ,t,r,a,i,n,e,r, ,w,o,r,k, ,c,o,n,s,i,s,t,e,n,t,l,y, ,e,x,u,b,e,r,a,n,t, ,b,e,h,a,v,i,o,u,r
 ,a,t,t,e,n,t,i,o,n, ,w,a,l,k, ,f,r,i,e,n,d,l,y, ,w,a,r,m, ,a,f,f,e,c,t,i,o,n,a,t,e, ,e,n,e,r,g,e,t,i,c, ,e,x,c,i,t,e,d, ,l,e,a,s,h, ,s,t,r,o,n,g,l,y, ,e,x,p,e,r,i,e,n,c,e,d, ,p,r,e,f,e,r
 ,h,a,n,d,s,o,m,e, ,t,a,k,e, ,w,a,r,m, ,f,a,c,e, ,n,e,r,v,o,u,s, ,w,a,l,k, ,d,a,r,t, ,c,r,o,u,c,h, ,l,o,u,d, ,f,i,r,m, ,c,o,n,f,i,d,e,n,t, ,c,o,n,f,i,d,e,n,c,e, ,b,l,o,s,s,o,m, ,p,l,a,y,f,u,l, ,c,h,e,e,k,y
 ,s,w,e,e,t, ,n,a,t,u,r,e,d, ,l,i,t,t,l,e, ,s,h,y, ,g,e,n,t,l,e, ,s,l,o,w,l,y, ,e,n,d,e,a,r,i,n,g, ,c,o,m,p,a,n,i,o,n, ,t,r,u,s,t, ,w,a,l,k, ,l,e,a,s,h, ,r,e,g,u,l,a,r, ,a,s,s,u,r,a,n,c,e, ,s,u,i,t,e,d, ,p,a,t,i,e,n,t, ,c,o,n,f,i,d,e,n,c,e
 ,l,o,v,a,b,l,e, ,o,b,e,d,i,e,n,t, ,w,a,g,g,y, ,u,n,f,a,m,i,l,i,a,r, ,f,a,c,e, ,w,a,r,m
 ,s,h,y, ,t,a,k,e, ,w,a,r,m, ,a,f,f,e,c,t,i,o,n,a,t,e, ,f,o,o,d, ,m,o,t,i,v,a,t,e, ,g,o,o,d
 ,f,r,i,e,n,d,l,y, ,i,n,t,e,l,l,i,g,e,n,t, ,f,o,o,d, ,m,o,t,i,v,a,t,e,d, ,b,a,s,i,c, ,s,i,t, ,w,a,l,k, ,l,e,a,s,h
 ,e,f,f,e,r,v,e,s,c,e,n,t, ,e,x,c,i,t,a,b,l,e, ,f,r,i,e,n,d,l,y, ,e,x,c,i,t,e,d, ,e,n,j,o,y, ,w,a,l,k, ,g,u,i,d,e, ,l,e,a,s,h
 ,q,u,i,e,t, ,s,u,p,e,r, ,s,w,e,e,t, ,l,i,t,t,l,e, ,s,h,y, ,g,o,o,d, ,f,o,o,d, ,m,o,t,i,v,a,t,e, ,w,a,l,k, ,l,e,a,s,h
 ,s,h,y, ,w,a,r,m, ,c,o,n,f,i,d,e,n,t, ,g,e,n,t,l,e, ,c,o,n,f,i,d,e,n,c,e, ,w,o,r,k, ,w,a,l,k, ,g,r,e,a,t, ,m,u,l,t,i, ,p,r,o,t,e,c,t,i,o,n, ,g,u,i,d,a,n,c,e, ,y,o,u,n,g, ,c,h,i,l,d, ,i,d,e,a,l
 ,e,x,c,i,t,e,d, ,c,h,i,r,p,y, ,g,o,o,d, ,b,e,l,l,y, ,s,c,r,a,t,c,h, ,s,n,a,p, ,o,u,t,d,o,o,r,s, ,w,a,l,k, ,l,e,a,s,h, ,g,o,o,d, ,c,h,i,l,d, ,e,x,p,e,r,i,e,n,c,e,d
 ,g,e,n,t,l,e, ,l,i,t,t,l,e, ,s,h,y, ,f,r,i,e,n,d,l,y, ,e,n,j,o,y, ,w,a,l,k, ,l,e,a,s,h
 ,t,i,m,i,d, ,s,h,y, ,a,w,a,y, ,w,h,i,l,s,t, ,s,h,y, ,t,r,a,n,s,f,o,r,m, ,a,f,f,e,c,t,i,o,n,a,t,e, ,c,u,r,i,o,u,s, ,d,i,s,p,l,a,y, ,p,l,a,y,f,u,l, ,w,a,r,m, ,c,o,m,i,c,a,l, ,q,u,i,z,z,i,c,a,l, ,e,x,p,r,e,s,s,i,o,n, ,c,h,a,r,m, ,a,d,u,l,t, ,t,e,e,n,a,g,e,r, ,s,e,t,t,l,e, ,f,u,n
 ,s,p,e,c,i,a,l, ,p,u,p,p,y, ,u,n,d,e,r,s,t,a,n,d, ,c,o,p,e, ,c,o,n,d,i,t,i,o,n, ,b,r,i,g,h,t, ,z,e,s,t, ,a,t,t,e,n,t,i,o,n, ,r,o,o,m, ,t,r,o,t, ,c,o,n,f,i,d,e,n,t,l,y, ,a,f,f,e,c,t,i,o,n,a,t,e,l,y, ,p,e,r,m,a,n,e,n,t, ,d,e,f,e,c,t, ,n,e,r,v,e, ,d,a,m,a,g,e, ,r,e,c,t,u,m, ,l,e,a,d, ,l,i,t,t,l,e, ,u,n,a,b,l,e, ,n,a,t,u,r,a,l,l,y, ,e,x,p,r,e,s,s, ,b,o,w,e,l, ,a,s,s,i,s,t,a,n,c,e, ,s,t,i,m,u,l,a,t,e, ,n,e,r,v,e, ,a,i,d, ,b,o,w,e,l, ,i,m,p,r,o,v,e,m,e,n,t, ,r,e,g,u,l,a,r, ,a,c,u,p,u,n,c,t,u,r,e, ,t,h,e,r,a,p,y, ,n,o,n,e,t,h,e,l,e,s,s, ,p,a,t,i,e,n,t, ,d,r,i,b,b,l,i,n,g, ,p,o,o,p, ,i,n,c,o,n,t,i,n,e,n,c,e, ,e,x,p,e,c,t, ,y,a,r,d, ,b,o,n,u,s, ,o,u,t,d,o,o,r,s,y
 ,f,r,i,e,n,d,l,y, ,l,o,v,a,b,l,e, ,r,o,c,c,o, ,g,o,o,f,b,a,l,l, ,a,t,t,e,n,t,i,o,n, ,p,a,m,p,e,r, ,g,o,o,d, ,s,t,r,u,c,t,u,r,e,d, ,r,o,u,t,i,n,e, ,a,c,t,i,v,e, ,w,a,l,k, ,s,t,r,o,n,g, ,e,x,c,i,t,e,m,e,n,t, ,o,c,c,a,s,i,o,n,a,l, ,l,u,n,g,e, ,p,e,t, ,o,r,i,e,n,t, ,p,r,e,f,e,r,a,b,l,e
 ,w,a,l,k, ,l,i,t,t,l,e, ,b,a,r,k,i,s,h, ,e,x,c,i,t,e,d, ,a,t,t,e,n,t,i,o,n
 ,f,r,i,e,n,d,l,y, ,l,a,y, ,c,a,l,m, ,e,a,s,y, ,w,a,l,k, ,l,e,a,s,h
 ,s,p,i,r,i,t,e,d, ,a,c,t,i,v,e, ,g,o,o,d, ,r,u,n, ,w,r,e,s,t,l,e, ,e,x,p,r,e,s,s,i,v,e, ,s,h,o,w, ,a,f,f,e,c,t,i,o,n, ,c,l,a,m,b,e,r, ,l,e,a,n, ,s,t,r,o,n,g, ,w,a,l,k, ,l,u,n,g,e, ,g,r,e,a,t, ,k,i,d, ,e,x,p,e,r,i,e,n,c,e,d, ,a,c,t,i,v,e, ,l,i,f,e,s,t,y,l,e
 ,s,u,p,e,r, ,f,r,i,e,n,d,l,y, ,a,f,f,e,c,t,i,o,n,a,t,e, ,p,l,a,y,f,u,l, ,a,c,t,i,v,e
 ,s,h,y, ,q,u,i,e,t, ,m,o,t,i,v,a,t,e,d, ,w,a,l,k, ,l,e,a,s,h, ,r,e,l,a,x, ,o,u,t,s,i,d,e
 ,h,a,n,d,s,o,m,e, ,l,o,v,i,n,g, ,t,a,k,e, ,s,h,o,r,t, ,w,a,r,m, ,g,r,e,a,t, ,f,o,l,l,o,w,e,r, ,g,o,o,d, ,f,i,r,m, ,h,i,g,h, ,e,n,e,r,g,y, ,f,o,o,d, ,m,o,t,i,v,a,t,e,d, ,r,u,n, ,k,e,e,n, ,l,o,n,g, ,w,a,l,k, ,b,u,s,i,n,e,s,s, ,o,u,t,s,i,d,e
 ,i,n,t,e,r,a,c,t, ,m,e,l,l,o,w, ,s,o,u,l, ,e,n,j,o,y, ,m,o,m,e,n,t, ,b,i,t, ,h,u,m,p, ,p,h,y,s,i,c,a,l,l,y, ,s,t,r,o,n,g, ,e,q,u,a,l,l,y, ,s,t,r,o,n,g, ,l,i,n,e, ,o,c,c,a,s,i,o,n,a,l,l,y, ,w,a,l,k, ,l,e,a,s,h, ,g,o,o,d, ,c,h,i,l,d, ,d,o,m,i,n,a,n,t, ,p,a,s,t
 ,s,h,y, ,t,a,k,e, ,a,w,h,i,l,e, ,w,a,r,m, ,a,f,f,e,c,t,i,o,n,a,t,e, ,t,h,r,i,v,e, ,c,o,m,p,a,n,y, ,f,a,r,e
 ,e,a,t, ,s,l,e,e,p, ,p,a,d, ,c,o,m,p,a,n,y, ,s,e,e,k, ,c,o,m,f,o,r,t, ,c,o,m,p,a,n,y, ,f,o,o,d, ,p,r,e,f,e,r, ,f,e,d, ,a,t,t,e,n,t,i,o,n, ,c,a,r,r,y
 ,c,a,n,t,o,n,e,s,e, ,r,e,d, ,b,e,a,n, ,c,o,n,f,i,d,e,n,t, ,f,r,i,e,n,d,l,y, ,r,u,n, ,a,c,t,i,v,e, ,g,o,o,d, ,r,u,n, ,p,l,a,y, ,s,t,r,o,n,g, ,l,e,a,s,h, ,e,x,c,i,t,e,m,e,n,t, ,f,i,r,m
 ,i,n,t,e,l,l,i,g,e,n,t, ,c,o,n,f,i,d,e,n,t, ,c,h,a,r,i,s,m,a,t,i,c, ,f,e,l,l,o,w, ,l,e,a,d, ,h,a,n,d,s,o,m,e, ,e,n,j,o,y, ,a,f,f,e,c,t,i,o,n, ,f,r,e,q,u,e,n,t,l,y, ,a,s,k, ,g,o,o,d, ,s,c,r,a,t,c,h, ,r,u,b, ,s,e,l,e,c,t,i,v,e, ,s,n,a,p,p,y, ,t,e,r,r,i,t,o,r,i,a,l, ,s,i,z,e, ,s,t,r,o,n,g, ,c,h,i,l,d, ,d,o,m,i,n,a,n,t
 ,a,c,t,i,v,e, ,c,o,n,f,i,d,e,n,t, ,i,n,t,e,r,a,c,t, ,l,e,a,s,h, ,e,x,c,i,t,e,m,e,n,t, ,o,u,t,d,o,o,r,s, ,t,e,r,r,i,t,o,r,i,a,l, ,f,o,o,d, ,e,x,p,e,r,i,e,n,c,e,d, ,a,c,t,i,v,e, ,l,i,f,e,s,t,y,l,e
 ,s,w,e,e,t, ,n,a,m,e,s,a,k,e, ,s,m,a,r,t, ,f,o,o,d, ,m,o,t,i,v,a,t,e, ,t,y,p,i,c,a,l, ,e,n,e,r,g,e,t,i,c, ,i,n,q,u,i,s,i,t,i,v,e, ,p,u,p,p,y, ,f,a,c,e, ,w,a,r,m
 ,c,a,u,t,i,o,u,s, ,o,c,c,a,s,i,o,n,a,l,l,y, ,s,o,u,n,d, ,p,r,e,s,e,n,c,e, ,k,i,s,s, ,r,e,c,i,p,r,o,c,a,t,e, ,s,c,r,a,t,c,h, ,n,e,c,k, ,e,n,j,o,y, ,f,o,o,d, ,m,o,t,i,v,a,t,e,d, ,g,o,o,d, ,e,n,j,o,y, ,o,u,t,s,i,d,e, ,m,e,a,n, ,r,u,n, ,w,a,l,k,i,n,g, ,i,n,c,o,n,s,i,s,t,e,n,t, ,h,a,r,d, ,j,u,m,p, ,l,e,a,s,h, ,e,x,c,i,t,e,m,e,n,t, ,a,c,t,i,v,e, ,p,a,t,i,e,n,t, ,f,i,r,m, ,w,o,r,k, ,l,e,a,s,h, ,t,r,a,i,n,i,n,g, ,b,o,n,d,i,n,g, ,s,e,s,s,i,o,n, ,t,r,u,s,t, ,a,f,f,e,c,t,i,o,n,a,t,e, ,c,u,d,d,l,y, ,c,o,m,p,a,n,i,o,n
 ,a,c,t, ,b,i,g, ,p,u,p,p,y, ,p,l,a,y,f,u,l, ,a,f,f,e,c,t,i,o,n,a,t,e, ,b,i,t, ,r,o,u,g,h, ,s,t,r,o,n,g, ,l,e,a,d, ,w,a,l,k, ,f,i,r,m
 ,c,a,l,m, ,d,e,m,u,r,e, ,s,h,y, ,b,e,f,r,i,e,n,d, ,w,a,l,k, ,r,e,l,u,c,t,a,n,t, ,l,e,a,s,h, ,w,a,l,k, ,o,k,a,y, ,o,u,t,s,i,d,e, ,c,a,l,m, ,p,a,t,i,e,n,t, ,c,o,n,f,i,d,e,n,c,e, ,p,a,t,i,e,n,t, ,y,o,u,n,g, ,c,h,i,l,d
 ,g,e,n,t,l,e, ,m,i,l,d, ,m,a,n,n,e,r,e,d, ,i,n,d,e,p,e,n,d,e,n,t, ,e,n,j,o,y, ,l,o,u,n,g,e, ,w,a,l,k, ,l,e,a,s,h, ,c,a,l,m, ,w,a,l,k, ,e,n,j,o,y, ,g,r,e,e,n,e,r,y, ,p,r,e,f,e,r, ,w,a,l,k, ,p,a,c,e
 ,p,u,p,p,y
 ,s,i,b,l,e, ,p,l,a,y,f,u,l, ,l,o,v,i,n,g, ,s,l,i,g,h,t,l,y, ,d,i,f,f,e,r,e,n,t
 ,s,i,b,l,e, ,p,l,a,y,f,u,l, ,l,o,v,i,n,g, ,s,l,i,g,h,t,l,y, ,d,i,f,f,e,r,e,n,t
 ,g,o,o,d, ,c,h,i,l,d, ,s,m,a,r,t, ,o,b,s,e,r,v,a,n,t, ,m,e,a,n, ,e,n,d,u,r,a,n,c,e
 ,s,h,y, ,f,r,i,e,n,d,l,y
 ,c,u,t,e, ,s,m,a,l,l, ,w,a,l,k, ,l,e,a,s,h
 ,m,e,a,n, ,q,u,i,c,k, ,s,t,r,o,n,g, ,d,e,s,i,r,e
 ,e,x,p,r,e,s,s,i,v,e, ,a,f,f,e,c,t,i,o,n,a,t,e
 ,s,h,y, ,g,e,n,t,l,e, ,w,a,r,m, ,e,a,s,i,l,y
 ,s,w,e,e,t, ,f,o,o,d, ,m,o,t,i,v,a,t,e, ,w,a,l,k, ,l,e,a,s,h, ,s,o,c,i,a,b,l,e
 ,c,o,o,l, ,c,a,l,m, ,p,a,n,i,c, ,e,x,p,o,s,e, ,w,e,a,r, ,h,a,r,n,e,s,s, ,w,a,l,k, ,r,e,s,p,e,c,t, ,n,e,w,b,i,e, ,p,l,a,y, ,e,a,t, ,p,i,c,k,y, ,w,a,i,t, ,p,a,t,i,e,n,t,l,y, ,m,e,a,l
 ,g,e,n,t,l,e, ,p,a,t,i,e,n,t, ,f,e,n,d, ,w,i,l,l, ,n,o,t
 ,a,f,f,e,c,t,i,o,n,a,t,e, ,p,l,a,y,f,u,l, ,i,n,q,u,i,s,i,t,i,v,e, ,t,e,a,c,h,a,b,l,e
 ,q,u,i,e,t, ,t,e,r,m, ,l,i,t,t,l,e, ,s,h,y, ,s,l,o,w, ,w,a,r,m, ,c,a,l,m, ,g,e,n,t,l,e, ,p,r,o,l,a,p,s,e, ,e,a,s,i,l,y, ,c,o,r,r,e,c,t
 ,s,h,y, ,s,l,o,w, ,w,a,r,m, ,i,n,t,e,l,l,i,g,e,n,t, ,t,r,i,c,k, ,h,i,d,e, ,t,r,e,a,s,u,r,e, ,s,i,t, ,o,b,s,e,r,v,e, ,g,o,o,d, ,c,o,n,s,i,s,t,e,n,t, ,b,e,a,u,t,i,f,u,l, ,s,u,r,f,a,c,e
 ,s,h,y, ,s,w,e,e,t, ,e,a,t, ,e,a,t, ,t,a,s,y, ,u,n,h,e,a,l,t,h,y, ,n,e,c,k, ,t,a,s,t,e, ,b,u,d, ,t,u,n,e, ,h,e,a,l,t,y
 ,t,e,r,m, ,o,v,e,r,l,y, ,f,r,i,e,n,d,l,y, ,f,a,c,e, ,e,n,t,h,u,s,i,a,s,t,i,c,a,l,l,y, ,j,u,m,p, ,h,a,t,e, ,d,e,p,e,n,d,e,n,t, ,t,y,p,e, ,c,h,a,r,a,c,t,e,r, ,w,a,l,k, ,l,e,a,s,h, ,l,i,s,t,e,n, ,s,c,o,l,d, ,b,u,s,i,n,e,s,s, ,w,a,l,k
 ,c,o,n,f,i,d,e,n,t, ,d,a,r,e, ,f,a,s,t, ,o,b,s,e,r,v,a,n,t, ,b,a,l,a,n,c,e,d, ,s,t,a,b,l,e
 ,s,e,t,t,l,e, ,p,r,e,t,t,y, ,q,u,i,c,k,l,y, ,s,w,e,e,t, ,p,a,i,r, ,b,i,g, ,b,i,g, ,s,t,a,n,d,i,n,g, ,e,a,t
 ,l,o,y,a,l, ,r,i,d,e, ,s,w,i,m, ,b,e,a,c,h, ,a,f,f,e,c,t,i,o,n,a,t,e, ,h,u,g
 ,f,e,a,r,f,u,l, ,s,o,c,i,a,l, ,t,i,l,l, ,p,r,o,t,e,c,t,i,v,e, ,f,o,o,d, ,s,t,a,r,v,e, ,l,o,n,g
 ,p,u,p,p,y
 ,a,f,r,a,i,d, ,u,n,c,e,r,t,a,i,n,t,y, ,d,i,s,a,p,p,e,a,r, ,f,e,a,r,l,e,s,s, ,p,l,a,y, ,e,a,t, ,a,d,u,l,t, ,f,r,e,e,l,y, ,w,a,l,k, ,s,n,i,f,f, ,f,r,i,e,n,d,l,y, ,g,o,o,d, ,c,o,n,f,i,d,e,n,t, ,g,o,o,d
 ,e,a,s,y, ,t,e,r,m, ,c,a,r,r,y, ,c,l,e,a,n, ,w,a,i,t, ,d,e,s,m,o,n,d, ,f,o,u,n,d,e,r, ,p,r,o,s,t,h,e,t,i,c, ,c,o,m,p,a,n,y, ,k,i,n,d,l,y, ,p,r,o,s,t,h,e,t,i,c, ,r,u,n, ,n,a,t,u,r,e, ,o,u,t,d,o,o,r
 ,p,l,e,a,s,a,n,t, ,s,w,e,e,t, ,c,h,a,r,a,c,t,e,r, ,a,f,r,a,i,d, ,r,e,a,d,y, ,p,r,o,v,i,d,e, ,s,a,f,e, ,c,o,r,n,e,r, ,c,o,v,e,r, ,t,a,b,l,e, ,h,i,d,e, ,a,w,a,y, ,h,a,p,p,e,n
 ,p,u,p,p,y
 ,p,u,p,p,y
 ,s,w,e,e,t, ,s,e,l,e,c,t,i,v,e, ,c,a,l,m, ,c,h,i,l,l, ,h,y,p,e,r, ,a,c,t,i,v,e, ,a,f,f,e,c,t,i,o,n, ,c,h,e,w
 ,a,f,f,e,c,t,i,o,n,a,t,e, ,p,l,a,y,f,u,l, ,i,n,q,u,i,s,i,t,i,v,e, ,t,e,a,c,h,a,b,l,e
 ,s,w,e,e,t, ,c,u,t,e, ,s,h,o,r,t, ,w,i,g,g,l,e, ,f,o,o,d, ,m,o,t,i,v,a,t,e,d, ,p,a,c,k, ,c,a,r,i,n,g, ,s,e,n,s,e, ,n,e,w,b,i,e, ,t,a,k,e, ,y,o,u,n,g, ,l,a,t,e,r, ,f,o,l,l,o,w, ,b,i,g
 ,b,i,g, ,u,n,i,q,u,e, ,c,o,l,o,r,e,d, ,u,n,i,q,u,e, ,w,a,l,k, ,l,e,a,s,h
 ,c,a,l,m, ,c,o,o,l, ,w,a,l,k, ,g,o,o,d, ,r,e,l,a,x,e,d, ,p,a,c,e, ,r,i,d,e, ,w,a,l,k, ,e,a,t, ,g,o,o,d, ,r,e,l,i,e,v,e, ,r,o,o,f, ,r,e,g,u,l,a,r, ,m,e,a,l
 ,c,a,l,m, ,g,o,o,d, ,n,a,t,u,r,e,d, ,e,a,s,y, ,l,a,t,e,r, ,c,u,r,i,o,u,s, ,o,u,t,n,u,m,b,e,r, ,r,e,m,a,i,n, ,c,a,l,m, ,c,h,a,r,i,s,m,a,t,i,c
 ,c,u,r,i,o,u,s, ,d,e,s,i,r,e, ,r,e,g,a,r,d, ,d,a,n,g,e,r,o,u,s, ,v,i,c,i,n,i,t,y, ,e,a,t, ,p,l,a,y
 ,g,r,e,e,d,y, ,e,a,s,y, ,e,a,t,e,r, ,s,w,e,e,t, ,t,r,u,s,t, ,o,b,s,e,r,v,e, ,e,n,g,a,g,e, ,c,a,p,t,u,r,e, ,n,e,g,a,t,i,v,e, ,u,n,d,e,r,s,t,a,n,d, ,s,l,o,w,l,y, ,c,o,m,f,o,r,t,a,b,l,e, ,s,l,e,e,p, ,b,e,d
 ,t,a,k,e, ,t,r,u,s,t, ,c,a,u,t,i,o,u,s, ,t,r,a,p, ,n,e,u,t,e,r, ,r,e,l,e,a,s,e, ,p,r,o,g,r,a,m, ,t,r,a,u,m,a,t,i,c, ,u,n,d,e,r,s,t,a,n,d, ,d,e,e,p, ,s,l,e,e,p, ,o,p,e,r,a,t,e, ,u,n,f,a,m,i,l,i,a,r, ,r,e,l,e,a,s,e, ,n,o,n,e,t,h,e,l,e,s,s, ,u,n,d,e,r,s,t,a,n,d, ,m,e,a,n, ,h,a,r,m, ,o,b,s,e,r,v,e
 ,h,o,p, ,r,e,l,a,x,e,d, ,w,a,l,k, ,r,i,d,e, ,o,u,t,i,n,g, ,s,p,o,t, ,c,u,d,d,l,e, ,c,o,r,n,e,r, ,r,o,l,l, ,e,n,j,o,y, ,s,w,i,m
 ,s,w,e,e,t, ,s,m,a,l,l, ,s,i,z,e,d, ,b,a,d,l,y, ,m,a,t,t,e,d, ,c,o,n,d,i,t,i,o,n, ,m,i,l,d, ,g,e,n,t,l,e, ,s,h,a,v,e, ,a,r,r,i,v,a,l, ,i,n,s,i,d,e, ,g,u,m, ,p,o,s,s,i,b,l,e, ,t,i,e, ,n,a,t,u,r,e, ,b,i,n,d, ,w,a,i,s,t, ,a,b,u,s,e, ,h,o,m,e,l,e,s,s, ,c,a,s,e
 ,e,x,i,s,t,e,n,c,e, ,m,i,r,a,c,u,l,o,u,s, ,h,a,p,p,e,n,i,n,g, ,c,a,p,t,u,r,e, ,l,i,m,p, ,d,i,s,a,p,p,e,a,r, ,l,o,n,g, ,r,e,a,p,p,e,a,r, ,e,m,a,c,i,a,t,e, ,d,i,e, ,s,u,r,v,i,v,e, ,l,i,m,p, ,c,o,m,p,l,e,t,e,l,y, ,r,e,s,t,o,r,e, ,a,b,n,o,r,m,a,l,i,t,y, ,w,a,l,k
 ,p,r,e,t,t,y, ,f,a,s,t, ,f,o,o,d, ,d,r,i,n,k, ,s,w,e,e,t, ,m,a,k,i,n,g
 ,s,h,y, ,s,w,e,e,t, ,b,e,a,u,t,i,f,u,l, ,p,l,e,a,s,a,n,t, ,c,h,a,r,a,c,t,e,r, ,s,e,n,s,e, ,d,e,a,l, ,f,a,c,e, ,b,a,s,i,s, ,s,i,t, ,a,p,p,l,y, ,m,e,d,i,c,i,n,e, ,s,t,r,o,k,e, ,w,o,n,d,e,r,f,u,l, ,m,a,k,i,n,g
 ,n,o,a,m,i, ,t,i,m,i,d, ,s,e,t,t,l,e, ,w,a,l,k, ,p,l,a,y, ,a,b,i,t, ,w,e,a,r, ,p,h,y,s,i,c,a,l,l,y, ,o,b,v,i,o,u,s,l,y, ,s,m,o,o,t,h, ,s,c,a,r, ,s,p,e,c,i,a,l, ,s,c,a,r, ,g,o,o,d, ,c,u,r,i,o,u,s, ,m,e,a,n,i,n,g,f,u,l, ,t,u,g, ,n,o,a,m,i
 ,u,s,u,a,l, ,s,a,y, ,e,a,t, ,r,e,t,r,e,a,t, ,l,i,t,t,l,e, ,m,i,n, ,c,l,e,a,n, ,f,a,c,e, ,p,r,o,b,l,e,m, ,h,a,n,d,s,o,m,e, ,p,h,o,t,o, ,h,o,p,e,f,u,l,l,y, ,p,r,o,m,p,t
 ,s,w,e,e,t, ,a,b,l,e, ,f,r,e,e,l,y, ,f,o,l,l,o,w, ,c,a,r,e,f,u,l, ,n,e,w,l,y, ,t,o,t,a,l,l,y, ,c,o,o,l, ,l,i,m,p, ,r,o,s,e,h,i,p, ,t,h,e,r,a,p,y, ,s,t,r,e,n,g,t,h, ,r,e,m,a,i,n, ,l,o,n,g, ,n,o,t
 ,i,n,t,e,l,l,i,g,e,n,t, ,c,a,l,m, ,a,v,e,r,a,g,e, ,s,e,t,t,l,e, ,s,e,t,t,l,e, ,i,m,m,e,d,i,a,t,e,l,y, ,w,a,l,k, ,t,a,k,e, ,l,e,a,s,h, ,i,m,m,e,d,i,a,t,e,l,y, ,p,a,c,e, ,n,i,c,e,l,y, ,c,h,o,k,e, ,s,t,r,u,g,g,l,e
 ,b,o,n,d, ,c,a,r,e,g,i,v,e,r, ,l,o,n,g, ,s,e,t,t,l,e, ,a,v,e,r,a,g,e, ,l,o,y,a,l
 ,c,o,n,f,i,d,e,n,c,e, ,a,p,p,e,a,r, ,d,e,f,e,n,s,i,v,e, ,s,w,e,e,t, ,l,o,y,a,l, ,o,b,e,d,i,e,n,t, ,s,e,t,t,l,e, ,r,e,a,l,i,z,e, ,s,a,f,e
 ,w,o,n,d,e,r,f,u,l, ,s,w,e,e,t, ,c,h,a,r,a,c,t,e,r, ,w,a,l,k, ,l,e,a,s,h, ,f,o,l,l,o,w, ,w,a,r,m, ,q,u,i,e,t,l,y, ,s,i,t, ,e,x,t,r,a,o,r,d,i,n,a,r,y, ,c,h,a,r,m, ,g,r,o,o,m, ,l,i,c,k, ,f,a,c,e, ,t,o,l,e,r,a,n,t, ,m,a,y,b,e, ,e,n,j,o,y, ,a,t,t,e,n,t,i,o,n, ,s,e,t, ,b,e,a,u,t,i,f,u,l, ,g,e,r,m,a,n, ,w,h,i,n,e, ,t,a,l,k, ,s,o,u,n,d, ,w,h,i,n,e
 ,s,o,c,i,a,b,l,e, ,p,u,p,p,y, ,a,d,a,p,t, ,e,a,s,i,l,y, ,i,n,t,e,l,l,i,g,e,n,t, ,r,e,t,r,e,a,t, ,l,u,c,k, ,a,d,u,l,t, ,l,i,t,t,l,e, ,b,i,t, ,n,a,u,g,h,t,y, ,p,r,o,t,e,c,t
 ,s,w,e,e,t, ,c,o,r,r,e,c,t,l,y, ,i,m,p,o,r,t,a,n,t, ,f,o,u,n,d,a,t,i,o,n, ,t,r,a,i,n,i,n,g, ,g,o,o,d
 ,b,i,g, ,a,f,f,e,c,t,i,o,n,a,t,e,l,y, ,g,e,n,t,l,e, ,g,i,a,n,t, ,s,i,z,e, ,r,e,a,l, ,g,e,n,t,l,e, ,s,w,e,e,t, ,p,u,p,p,y, ,n,s, ,s,e,c,r,e,t,l,y, ,q,u,a,r,t,e,r, ,b,u,n,k, ,n,s, ,s,e,n,i,o,r, ,l,a,t,e,r, ,e,v,i,c,t, ,q,u,a,r,t,e,r, ,l,o,n,g, ,l,i,t,t,l,e, ,d,e,j,e,c,t,e,d, ,w,o,r,l,d, ,c,l,e,a,r,l,y, ,r,e,a,d,y, ,b,i,g, ,h,u,g, ,k,i,s,s, ,b,i,g
 ,s,w,e,e,t, ,h,a,r,s,h, ,v,e,t,e,r,i,n,a,r,i,a,n, ,s,u,s,p,e,c,t, ,b,l,i,n,d, ,p,u,p,p,y, ,p,l,a,g,u,e, ,s,i,c,k,n,e,s,s, ,s,u,r,v,i,v,e, ,o,v,e,r,c,o,m,e, ,s,i,c,k,n,e,s,s, ,r,e,p,a,i,r, ,b,l,i,n,d, ,c,a,u,s,e, ,p,a,i,n, ,d,i,s,c,o,m,f,o,r,t, ,l,i,m,i,t,e,d, ,v,i,s,i,o,n, ,a,v,e,r,a,g,e, ,s,m,a,r,t, ,s,u,r,v,i,v,e, ,f,a,k,e, ,n,e,w,s,p,a,p,e,r, ,c,o,v,e,r, ,c,l,e,a,n,l,y, ,s,p,l,e,n,d,i,d, ,p,u,p,p,y, ,e,n,a,b,l,e, ,h,e,a,l,t,h,i,l,y
 ,c,a,l,m, ,a,f,f,e,c,t,i,o,n,a,t,e
 ,q,u,i,e,t, ,h,i,d,e, ,p,l,a,y,f,u,l, ,s,e,t,t,l,e
 ,s,m,a,r,t, ,p,u,p,p,y, ,o,b,s,e,r,v,a,n,t, ,q,u,i,c,k, ,l,e,a,r,n,e,r, ,s,o,c,i,a,b,l,e
 ,p,l,a,y, ,y,o,u,n,g, ,p,o,p,u,l,a,r, ,f,u,n, ,t,o,l,e,r,a,n,t, ,s,h,y, ,f,a,c,e, ,h,i,d,e
 ,b,i,t,e, ,t,w,i,c,e, ,s,h,y, ,h,u,r,t, ,t,i,l,l, ,t,o,d,a,y, ,h,a,u,n,t, ,p,a,s,t, ,r,e,a,d,y, ,p,a,s,t, ,s,o,c,i,a,l,i,s,e, ,e,n,e,r,g,e,t,i,c, ,f,u,n, ,p,e,r,f,e,c,t, ,a,c,t,i,v,e, ,l,i,f,e,s,t,y,l,e, ,h,o,p,e,f,u,l,l,y, ,p,a,t,i,e,n,t, ,f,i,r,m, ,p,e,r,f,e,c,t, ,a,c,t,i,v,e, ,l,i,f,e,s,t,y,l,e
 ,d,e,v,e,l,o,p,m,e,n,t, ,s,t,a,g,e, ,s,u,f,f,i,c,e, ,c,u,t,e, ,s,m,a,r,t, ,p,r,e,s,e,n,c,e, ,p,u,p,p,y, ,y,o,u,n,g, ,t,e,r,m, ,g,o,o,d
 ,g,o,o,d, ,c,h,i,l,d, ,y,r, ,c,h,i,l,d, ,w,a,l,k, ,r,e,g,u,l,a,r,l,y, ,u,n,s,o,c,i,a,l,i,z,e,d, ,a,c,c,o,r,d,i,n,g,l,y, ,e,x, ,d,i,s,l,i,k,e, ,s,m,a,l,l, ,e,x,c,i,t,a,b,l,e
 ,a,c,t,i,v,e, ,h,i,g,h, ,e,n,e,r,g,y, ,w,a,l,k, ,w,a,l,k, ,l,e,a,s,h, ,v,o,c,a,l, ,l,o,u,d, ,v,o,c,a,l, ,l,o,u,d, ,b,a,r,k,i,s,h, ,a,t,t,e,n,t,i,o,n, ,s,t,o,p, ,h,i,g,h, ,e,n,e,r,g,y, ,a,c,t,i,v,e, ,l,i,f,e,s,t,y,l,e, ,l,e,a,s,h, ,e,n,j,o,y, ,w,a,l,k, ,f,i,r,m, ,g,u,i,d,e
 ,q,u,i,e,t, ,i,n,d,e,p,e,n,d,e,n,t, ,g,e,n,t,l,e, ,s,h,y, ,a,g,g,r,e,s,s,i,o,n, ,o,b,s,e,r,v,e, ,t,i,m,i,d, ,l,o,v,e,l,y, ,s,h,y, ,l,i,t,t,l,e, ,m,t,h, ,b,a,b,y, ,a,d,a,p,t, ,w,o,r,l,d, ,w,o,r,k, ,d,i,s,p,l,a,y, ,s,i,g,n, ,a,g,g,r,e,s,s,i,o,n, ,b,l,o,s,s,o,m, ,t,e,n,d,e,r
 ,q,u,i,e,t, ,i,n,d,e,p,e,n,d,e,n,t, ,i,n,q,u,i,s,i,t,i,v,e, ,o,u,t,d,o,o,r,s, ,w,a,l,k, ,l,e,a,s,h, ,t,i,m,i,d, ,o,b,s,e,r,v,a,n,t, ,j,o,r,d,a,n, ,f,o,o,d, ,m,o,t,i,v,a,t,e, ,i,n,d,e,p,e,n,d,e,n,t, ,q,u,i,e,t,l,y, ,p,l,a,y, ,f,i,l,l, ,j,o,r,d,a,n, ,o,b,s,e,r,v,e, ,s,u,r,r,o,u,n,d,i,n,g, ,q,u,i,e,t,l,y, ,c,u,r,i,o,u,s,l,y, ,o,u,t,d,o,o,r, ,l,e,a,s,h, ,t,r,a,i,n,i,n,g, ,w,o,r,k
 ,s,i,g,n, ,a,g,g,r,e,s,s,i,o,n, ,s,w,e,e,t, ,n,a,t,u,r,e,d, ,t,r,a,i,n,i,n,g, ,b,o,a,r,d,i,n,g, ,s,h,a,r,e, ,c,o,n,d,i,t,i,o,n, ,b,o,a,r,d,i,n,g, ,g,o,o,d, ,l,i,v,i,n,g, ,c,o,n,d,i,t,i,o,n, ,f,u,r,r,y, ,b,a,b,y, ,p,r,o,v,i,d,e, ,t,y,p,i,c,a,l,l,y, ,h,i,g,h, ,s,u,r,v,i,v,a,l, ,i,n,s,t,i,n,c,t, ,e,s,c,a,p,e, ,a,r,t,i,s,t, ,a,l,e,r,t,n,e,s,s, ,l,e,a,s,h, ,l,e,a,s,h, ,t,r,a,i,n,i,n,g, ,b,r,e,a,k, ,l,e,a,s,h, ,e,s,c,a,p,e, ,s,h,o,w, ,a,g,g,r,e,s,s,i,o,n, ,s,w,e,e,t, ,t,e,m,p,e,r,a,m,e,n,t, ,c,o,n,f,i,d,e,n,t, ,e,x,c,e,l
 ,r,e,f,l,e,c,t, ,f,o,x,y, ,p,i,e,r,c,e, ,b,e,a,u,t,i,f,u,l, ,s,m,a,l,l, ,c,u,r,l,y, ,b,u,s,h,y, ,c,a,l,m, ,w,a,l,k, ,l,i,t,t,l,e, ,s,h,y, ,n,e,w,l,y
 ,a,g,g,r,e,s,s,i,o,n, ,g,o,o,d, ,u,n,f,a,m,i,l,i,a,r, ,f,a,c,e, ,w,a,l,k, ,l,e,a,s,h, ,s,p,e,n,d, ,e,x,p,l,o,r,e, ,c,u,r,i,o,u,s,l,y, ,w,a,l,k, ,l,e,a,s,h, ,s,u,r,r,o,u,n,d,i,n,g, ,s,l,o,w,l,y
 ,s,i,g,n, ,a,g,g,r,e,s,s,i,o,n, ,s,w,e,e,t, ,n,a,t,u,r,e,d, ,t,r,a,i,n,i,n,g, ,b,o,a,r,d,i,n,g, ,s,h,a,r,e, ,c,o,n,d,i,t,i,o,n, ,b,o,a,r,d,i,n,g, ,g,o,o,d, ,l,i,v,i,n,g, ,c,o,n,d,i,t,i,o,n, ,f,u,r,r,y, ,b,a,b,y, ,p,r,o,v,i,d,e, ,t,y,p,i,c,a,l,l,y, ,h,i,g,h, ,s,u,r,v,i,v,a,l, ,i,n,s,t,i,n,c,t, ,e,s,c,a,p,e, ,a,r,t,i,s,t, ,a,l,e,r,t,n,e,s,s, ,l,e,a,s,h, ,l,e,a,s,h, ,t,r,a,i,n,i,n,g, ,b,r,e,a,k, ,l,e,a,s,h, ,e,s,c,a,p,e, ,s,h,o,w, ,a,g,g,r,e,s,s,i,o,n, ,s,w,e,e,t, ,t,e,m,p,e,r,a,m,e,n,t, ,c,o,n,f,i,d,e,n,t, ,e,x,c,e,l
 ,w,a,l,k, ,w,a,l,k, ,a,n,y,t,i,m,e, ,t,a,k,e, ,l,e,a,s,h, ,l,i,t,t,l,e, ,t,w,i,r,l,y, ,w,h,i,r,l,y, ,d,a,n,c,e, ,h,e,l,i,c,o,p,t,e,r, ,g,o,o,d, ,u,n,d,e,r,s,t,a,n,d, ,s,i,m,p,l,e, ,s,i,t, ,w,a,i,t, ,g,o,o,d, ,m,a,n,n,e,r, ,n,i,c,e, ,c,o,u,r,s,e, ,p,a,t,i,e,n,t, ,s,p,o,o,k, ,e,a,s,i,l,y, ,r,a,i,s,e, ,v,o,i,c,e, ,s,h,o,u,t, ,d,r,a,m,a,t,i,c, ,g,e,s,t,u,r,e, ,p,o,s,t,u,r,e, ,s,c,a,r,e,d, ,a,s,s,u,r,e, ,c,a,l,m, ,q,u,i,c,k,l,y, ,r,u,b, ,h,u,g, ,c,u,d,d,l,e, ,s,i,t, ,l,a,p, ,h,a,p,p,i,l,y, ,c,a,r,r,y, ,w,h,i,n,e, ,b,i,t, ,s,h,o,w, ,a,t,t,e,n,t,i,o,n, ,r,e,a,d, ,w,a,l,k, ,s,o,s,d, ,f,o,l,k, ,s,p,e,e,d, ,d,a,t,i,n,g, ,s,e,s,s,i,o,n, ,c,u,r,i,o,u,s, ,h,a,n,d,s,o,m,e, ,p,i,n,s,c,h,e,r, ,i,n,t,e,r,e,s,t, ,b,i,t,e, ,f,i,r,m, ,w,i,l,l,i,n,g, ,g,o,o,d, ,s,e,p,a,r,a,t,i,o,n, ,a,n,x,i,e,t,y, ,r,e,a,d,y, ,a,g,g,r,e,s,s,i,o,n, ,y,o,u,n,g, ,c,h,i,l,d, ,w,r,i,t,e, ,a,b,l,e
 ,s,w,e,e,t, ,w,a,r,m, ,c,u,r,r,e,n,t, ,c,o,v,i,d, ,s,i,t,u,a,t,i,o,n, ,a,b,l,e, ,r,e,g,u,l,a,r,l,y, ,s,p,e,n,d, ,c,o,m,f,o,r,t,a,b,l,e, ,a,b,l,e, ,w,a,l,k, ,o,u,t,s,i,d,e
 ,n,e,r,v,o,u,s, ,f,o,o,d, ,m,o,t,i,v,a,t,e,d, ,f,o,o,d, ,a,n,x,i,o,u,s, ,r,a,i,n,y, ,s,e,e,k, ,s,a,f,e, ,s,p,o,t, ,h,i,d,e
 ,g,e,n,t,l,e, ,g,i,a,n,t, ,w,e,i,g,h, ,p,a,c,k, ,a,p,p,e,a,r, ,l,e,a,d,e,r, ,g,a,n,g, ,b,r,a,v,e, ,s,l,i,g,h,t, ,u,r,g,e,n,c,y, ,w,a,l,k, ,c,o,m,f,o,r,t,a,b,l,e, ,h,e,a,d,w,a,y, ,m,i,n,d,e,d
 ,s,h,y, ,t,a,k,e, ,l,o,n,g, ,w,a,l,k, ,n,e,r,v,o,u,s, ,w,a,l,k, ,g,o,o,d, ,p,a,t,i,e,n,t, ,c,o,n,f,i,d,e,n,t, ,c,a,r,e,f,u,l, ,l,o,s,e, ,w,a,l,k
 ,l,o,n,g, ,p,u,p,p,y, ,v,a,c,c,i,n,a,t,e, ,m,e,a,n, ,w,a,l,l, ,p,l,a,y, ,p,e,n, ,b,i,t,e, ,w,a,g, ,h,a,p,p,i,l,y, ,l,e,a,s,h, ,l,i,t,t,l,e, ,s,n,i,f,f, ,g,r,e,a,t, ,w,a,l,k, ,l,e,a,s,h, ,a,b,l,e, ,t,a,k,e, ,p,r,o,u,d
 ,q,u,i,e,t, ,c,o,n,t,e,n,t,e,d, ,u,n,d,e,r,s,t,a,n,d, ,s,i,t, ,f,o,o,d, ,w,a,l,k, ,s,l,e,e,p, ,c,h,e,w, ,w,a,l,k, ,r,e,a,s,o,n,a,b,l,y, ,l,e,a,s,h, ,s,l,e,e,p, ,r,o,o,m, ,s,l,e,e,p, ,c,h,e,w, ,c,u,s,h,i,o,n, ,b,l,a,n,k,e,t, ,p,r,e,t,t,y, ,l,o,w, ,e,n,e,r,g,y, ,p,a,t,i,e,n,t, ,t,a,k,e, ,l,o,n,g, ,t,r,u,s,t, ,i,n,t,e,r,a,c,t, ,s,n,a,p, ,t,h,r,e,a,t,e,n, ,c,h,i,l,d
 ,f,r,i,e,n,d,l,y, ,c,a,r,e,f,r,e,e, ,a,b,l,e, ,r,u,n, ,f,i,s,h,f,a,r,m, ,c,h,a,n,g,e, ,c,a,r,e,g,i,v,e,r, ,u,n,w,i,l,l,i,n,g, ,i,n,t,e,n,t,i,o,n, ,s,t,e,r,i,l,i,z,e, ,c,h,e,w, ,h,o,l,e, ,c,a,g,e, ,r,u,n, ,g,o,t,t,e,n, ,i,n,j,u,r,e, ,s,e,e,k, ,r,o,u,n,d, ,c,a,l,m, ,c,o,n,t,e,n,t, ,s,a,f,e
 ,c,o,m,f,o,r,t,a,b,l,e, ,p,r,e,s,e,n,c,e, ,a,v,o,i,d, ,s,q,u,i,r,m, ,a,w,a,y, ,i,n,t,e,r,a,c,t, ,w,a,r,m, ,r,e,a,l,i,z,e, ,h,a,r,m
 ,e,a,t, ,w,e,a,k, ,e,a,t, ,h,e,a,r,t,i,l,y, ,w,a,l,k, ,b,i,t, ,r,e,l,i,e,v,e, ,p,e,r,k, ,w,a,l,k, ,l,e,a,s,h, ,l,o,w, ,e,n,e,r,g,y, ,s,p,e,n,d, ,a,l,o,o,f, ,f,i,n,e, ,s,u,p,p,l,e,m,e,n,t, ,c,o,m,f,o,r,t,a,b,l,e, ,d,r,o,p, ,s,p,e,n,d, ,c,o,m,f,o,r,t,a,b,l,y, ,s,a,f,e,l,y
 ,s,w,e,e,t, ,w,a,r,m, ,f,a,i,r,l,y, ,q,u,i,c,k,l,y, ,w,a,r,m, ,a,f,f,e,c,t,i,o,n,a,t,e, ,e,n,j,o,y, ,n,e,c,k, ,s,c,r,a,t,c,h, ,f,o,o,d, ,m,o,t,i,v,a,t,e
 ,p,u,p, ,m,o,m, ,g,o,t,t,e,n, ,t,a,l,l, ,s,c,a,r,e,d, ,g,o,o,d, ,c,h,a,r,m, ,a,f,f,e,c,t,i,o,n,a,t,e
 ,p,o,i,s,e, ,f,a,i,l, ,l,o,n,g, ,s,l,e,n,d,e,r, ,l,a,y, ,m,a,s,t,e,r, ,g,r,e,a,t, ,s,e,l,f, ,c,o,n,t,r,o,l, ,w,a,i,t, ,f,o,o,d, ,i,m,p,r,e,s,s,i,v,e, ,p,l,e,a,s,e,d, ,s,i,t, ,p,r,e,s,e,n,c,e, ,f,i,g,h,t, ,u,r,g,e, ,c,h,a,s,e, ,c,o,u,r,s,e, ,l,i,t,t,l,e, ,e,x,c,i,t,e,d, ,b,e,f,r,i,e,n,d
 ,t,a,k,e, ,p,a,i,n, ,l,i,m,p, ,b,a,d,l,y, ,o,r,i,g,i,n,a,l, ,f,a,c,t,o,r,y, ,s,p,o,n,d,y,l,o,s,i,s, ,p,a,i,n, ,k,i,l,l,e,r, ,c,o,p,e, ,f,r,i,e,n,d,l,y, ,a,f,f,e,c,t,i,o,n,a,t,e, ,s,o,l,i,c,i,t, ,a,b,l,e
 ,y,o,u,n,g, ,p,u,p, ,p,e,r,s,i,s,t,a,n,t, ,a,p,p,e,a,l, ,p,a,s,t, ,c,o,n,d,i,t,i,o,n, ,l,i,k,e,l,y, ,r,e,m,a,i,n, ,b,a,l,d, ,p,u,t, ,f,o,o,d, ,t,r,i,a,l, ,q,u,i,c,k,l,y, ,l,o,n,g, ,t,e,r,m, ,m,e,d,i,c,a,t,i,o,n, ,r,e,m,a,i,n, ,s,w,e,e,t, ,a,f,f,e,c,t,i,o,n,a,t,e, ,e,n,j,o,y, ,k,i,n,d, ,d,e,s,e,r,v,e
 ,s,p,u,n,k,y, ,a,c,t,i,v,e, ,b,o,u,n,d,l,e,s,s, ,e,n,e,r,g,y, ,e,x,e,r,c,i,s,e, ,t,r,a,i,n,i,n,g, ,e,n,g,a,g,e,m,e,n,t, ,f,r,i,e,n,d,l,y, ,o,v,e,r,e,x,u,b,e,r,a,n,t, ,f,i,t, ,a,c,t,i,v,e, ,e,n,e,r,g,y
 ,e,x,u,b,e,r,a,n,t, ,l,i,t,t,l,e, ,e,n,t,h,u,s,e,d, ,w,a,l,k
 ,s,n,a,p, ,p,a,y, ,w,a,r,m, ,w,a,g, ,h,a,p,p,i,l,y, ,r,u,b, ,t,a,k,e, ,w,a,r,m, ,c,o,n,f,i,d,e,n,c,e, ,l,e,a,s,h, ,p,a,t,i,e,n,t
 ,s,o,m,e,b,o,d,y, ,u,n,f,o,r,t,u,n,a,t,e, ,s,r,c, ,f,r,i,e,n,d,l,y, ,r,u,b, ,a,f,f,e,c,t,i,o,n, ,a,f,f,e,c,t,i,o,n,a,t,e, ,q,u,i,c,k, ,t,e,m,p,e,r, ,s,n,a,p, ,m,o,o,d, ,c,u,d,d,l,e, ,r,e,a,d, ,l,a,n,g,u,a,g,e, ,c,a,r,e,f,u,l, ,t,r,u,s,t, ,a,b,l,e, ,s,p,e,n,d
 ,s,w,e,e,t,e,s,t, ,e,n,j,o,y, ,c,o,m,p,a,n,y, ,r,u,b, ,a,s,k, ,l,i,m,p, ,s,p,e,c,i,a,l,i,s,t, ,s,h,o,w, ,s,i,m,p,l,e, ,s,a,m,p,l,e, ,s,h,o,w, ,a,b,n,o,r,m,a,l, ,r,u,n, ,h,e,a,r,t,w,o,r,m, ,r,e,m,a,i,n, ,j,o,v,i,a,l, ,c,u,r,r,e,n,t
 ,f,a,i,r,l,y, ,w,a,r,m, ,f,a,i,r, ,b,i,t, ,e,x,c,i,t,e,d, ,j,u,m,p, ,w,a,l,k, ,l,e,a,s,h, ,a,p,p,r,e,h,e,n,s,i,v,e, ,s,t,r,e,s,s,f,u,l, ,c,o,n,f,i,d,e,n,t
 ,g,a,p,e, ,s,n,o,u,t, ,t,e,m,p,l,e, ,l,i,k,e,l,y, ,r,e,m,a,i,n, ,s,w,e,e,t, ,a,f,f,e,c,t,i,o,n,a,t,e, ,j,u,m,p, ,j,o,y, ,g,o,o,d, ,a,c,t,i,v,e, ,f,u,n, ,l,e,a,s,h, ,s,h,o,w,e,r, ,n,i,p,p,i,n,g, ,f,r,e,n,z,y, ,f,i,r,m, ,a,b,l,e, ,e,x,p,a,n,d, ,e,n,e,r,g,y, ,e,x,e,r,c,i,s,e, ,m,e,n,t,a,l
 ,c,h,i,l,l, ,d,u,d,e, ,s,p,e,n,d, ,c,h,i,l,l, ,e,n,c,l,o,s,u,r,e, ,u,s,e, ,f,o,o,d, ,e,n,t,i,c,e, ,n,o,n,c,h,a,l,e,n,t, ,c,a,l,m, ,q,u,i,e,t, ,g,o,l,d,e,n
 ,p,r,e,t,t,y, ,a,l,o,o,f, ,a,f,f,e,c,t,i,o,n,a,t,e, ,q,u,i,r,k,y, ,d,i,s,l,i,k,e, ,s,o,f,t, ,g,r,o,w,l,i,n,g, ,e,s,c,a,l,a,t,e, ,s,n,a,p, ,s,l,o,w,l,y, ,s,u,r,p,r,i,s,e, ,a,b,l,e, ,w,a,r,n, ,s,n,a,p, ,s,u,d,d,e,n,l,y, ,m,o,o,d, ,s,o,c,i,a,l,i,s,e, ,k,i,d, ,c,u,r,i,o,u,s, ,p,l,a,y,f,u,l, ,s,n,i,f,f, ,u,n,c,o,m,f,o,r,t,a,b,l,e, ,s,n,i,f,f, ,i,n,i,t,i,a,t,e, ,p,l,a,y, ,p,o,l,i,t,e,l,y, ,j,u,m,p, ,s,u,d,d,e,n,l,y, ,e,x,c,i,t,e,m,e,n,t, ,i,n,t,e,r,p,r,e,t, ,a,g,g,r,e,s,s,i,o,n, ,p,e,e,p,a,d, ,w,a,l,k, ,p,e,r,f,e,c,t,l,y, ,t,u,g, ,e,a,g,e,r, ,s,n,i,f,f, ,f,o,o,d, ,f,o,o,d, ,g,r,e,e,d,i,l,y, ,e,a,t, ,p,l,a,y, ,s,i,t, ,r,u,b, ,w,e,i,r,d, ,d,i,s,l,i,k,e, ,t,o,l,e,r,a,t,e, ,s,e,n,s,i,t,i,v,e, ,n,e,c,k, ,u,n,d,e,r,s,i,d,e, ,c,h,e,s,t, ,b,e,l,l,y, ,e,t,c, ,l,e,a,s,h, ,n,a,i,l, ,c,u,t,t,i,n,g, ,t,o,l,e,r,a,n,t, ,s,a,y, ,s,o,c,i,a,l,i,s,e, ,t,o,l,e,r,a,n,t, ,s,e,n,s,i,t,i,v,e, ,i,n,s,t,a,n,c,e
 ,s,t,e,r,i,l,i,z,e, ,t,r,a,p, ,p,u,p,p,y, ,a,u,t,h,o,r,i,t,y, ,c,o,m,p,l,a,i,n,t, ,m,e,e,k, ,a,f,r,a,i,d, ,h,e,a,r,t,w,o,r,m, ,c,o,n,c,u,r,r,e,n,t,l,y, ,w,a,r,m, ,h,e,a,r,t,w,o,r,m
 ,a,c,c,i,d,e,n,t, ,p,u,p, ,h,e,a,l, ,p,o,i,n,t, ,s,a,y, ,i,n,t,e,r,v,e,n,t,i,o,n, ,w,o,r,k,s,i,t,e, ,w,o,r,k,e,r, ,t,r,o,u,b,l,e, ,d,e,f,a,c,a,t,e, ,c,a,u,s,e, ,c,o,n,s,t,i,p,a,t,i,o,n, ,c,l,e,a,r, ,b,o,w,e,l, ,a,b,l,e, ,p,r,o,v,i,d,e, ,p,r,o,p,e,r, ,e,n,s,u,r,e, ,h,e,a,l,t,h,y, ,c,o,m,f,o,r,t,a,b,l,e
 ,r,o,a,m, ,s,u,s,p,e,c,t, ,p,a,d, ,a,n,x,i,o,u,s, ,s,m,a,l,l, ,w,i,l,l,i,n,g,l,y, ,c,r,a,t,e, ,s,e,e,k, ,r,e,f,u,g,e, ,g,r,e,a,t, ,l,o,w, ,e,n,e,r,g,y, ,e,n,j,o,y, ,t,a,k,e, ,s,l,o,w, ,w,a,l,k, ,l,i,t,t,l,e, ,h,a,r,d, ,h,e,a,r,i,n,g, ,r,a,i,s,e, ,v,o,i,c,e, ,s,l,o,w,l,y, ,h,a,n,g, ,s,e,n,s,e, ,d,u,l,l, ,c,a,t,a,r,a,c,t, ,p,r,e,t,t,y, ,s,h,a,r,p, ,f,o,o,d, ,f,o,r,a,g,e, ,f,o,o,d, ,f,o,o,d, ,r,e,m,a,i,n, ,r,u,b,b,i,s,h, ,s,p,i,t,e, ,r,o,u,g,h, ,h,e,a,l,t,h,y, ,w,o,r,k, ,w,e,a,k, ,s,e,v,e,r,e,l,y, ,m,a,l,n,o,u,r,i,s,h, ,w,a,l,k, ,w,a,g, ,h,o,p, ,m,e,a,l, ,w,a,l,k, ,k,e,e,n, ,s,e,n,i,o,r, ,p,e,r,m,a,n,e,n,t
 ,s,t,a,n,d, ,o,u,t,s,i,d,e, ,e,n,c,l,o,s,u,r,e, ,l,u,n,g,e, ,e,n,t,e,r, ,c,l,e,a,n, ,e,n,c,l,o,s,u,r,e, ,f,o,o,d, ,g,l,o,w, ,b,i,t, ,e,n,j,o,y, ,t,w,i,c,e, ,w,a,l,k, ,s,c,r,a,t,c,h, ,g,r,e,e,d,y, ,l,o,n,g, ,s,l,o,w, ,w,o,r,k, ,c,o,m,f,o,r,t,a,b,l,e
 ,s,w,e,e,t, ,p,u,p,p,y, ,b,o,n,d, ,p,r,e,v,i,o,u,s, ,t,a,k,e, ,g,r,e,a,t, ,c,h,a,n,g,e, ,h,a,p,p,e,n, ,m,a,y,b,e, ,t,r,i,g,g,e,r, ,a,n,x,i,e,t,y, ,g,u,a,r,d,i,n,g, ,f,e,r,o,c,i,o,u,s,l,y, ,o,u,t,d,o,o,r,s, ,b,o,i,s,t,e,r,o,u,s, ,f,r,i,e,n,d,l,y, ,d,i,f,f,i,c,u,l,t, ,s,p,o,t, ,u,n,c,o,m,f,o,r,t,a,b,l,e, ,d,i,s,p,l,a,y, ,s,i,g,n, ,a,n,x,i,e,t,y, ,a,f,r,a,i,d, ,f,o,o,d, ,e,n,v,i,r,o,n,m,e,n,t,a,l, ,c,o,n,t,r,o,l, ,a,n,x,i,e,t,y, ,g,u,a,r,d, ,g,r,e,a,t, ,c,o,m,p,a,n,i,o,n, ,f,o,o,d, ,m,o,t,i,v,a,t,e,d, ,g,a,m,e, ,f,e,t,c,h, ,e,n,j,o,y, ,l,o,n,g, ,w,a,l,k, ,f,r,i,e,n,d,l,y, ,e,x,c,i,t,e,m,e,n,t, ,s,n,i,f,f, ,i,n,i,t,i,a,t,e, ,p,l,a,y, ,i,n,d,e,p,e,n,d,e,n,t, ,c,h,a,l,l,e,n,g,e, ,p,e,r,f,e,c,t, ,t,r,a,i,n,i,n,g, ,p,r,o,p,e,r, ,a,b,l,e, ,s,e,t,t,l,e, ,c,o,m,f,o,r,t,a,b,l,y, ,t,a,k,e, ,c,o,n,s,i,s,t,e,n,c,y, ,a,n,x,i,e,t,y, ,g,u,a,r,d, ,i,d,e,a, ,w,i,l,l,i,n,g, ,w,a,l,k, ,c,h,i,l,d
 ,s,h,y, ,t,a,k,e, ,o,b,s,e,r,v,e, ,q,u,i,e,t,l,y, ,s,l,o,w,l,y, ,o,k,a,y, ,m,e,a,l, ,h,o,p,e,f,u,l,l,y, ,o,p,p,o,r,t,u,n,i,t,y, ,c,o,m,f,o,r,t,a,b,l,e
 ,x,i,a,o,b,a,i, ,s,w,e,e,t, ,p,o,o,r, ,i,m,m,u,n,e, ,d,e,v,e,l,o,p, ,h,o,r,r,i,d, ,r,u,n, ,s,l,o,w,l,y, ,i,m,p,r,o,v,e,m,e,n,t, ,t,w,i,c,e, ,c,l,e,a,n,i,n,g, ,p,a,t,i,e,n,t, ,l,i,f,t, ,s,t,a,n,d, ,h,a,l,f, ,h,o,u,r, ,f,i,n,a,l,l,y, ,c,l,e,a,r, ,c,u,r,e, ,m,r,s,a, ,s,h,o,r,t, ,w,a,l,k, ,t,w,i,c,e, ,w,a,l,k, ,s,u,p,e,r,b,l,y, ,l,e,a,s,h, ,s,e,l,e,c,t,i,v,e, ,a,b,l,e, ,c,o,n,d,u,c,i,v,e
 ,s,i,c,k, ,m,y,s,t,e,r,i,o,u,s, ,i,l,l,n,e,s,s, ,r,e,d,u,c,e, ,c,a,r,e,t,a,k,e,r, ,p,a,i,n,s,t,a,k,i,n,g,l,y, ,n,u,r,s,e, ,s,t,r,o,n,g, ,t,o,u,g,h, ,t,o,d,a,y, ,a,f,f,e,c,t,i,o,n,a,t,e, ,r,e,g,u,l,a,r, ,p,r,o,t,e,c,t,i,v,e, ,b,i,t,e, ,w,a,l,k, ,e,x,p,e,r,i,e,n,c,e,d, ,f,i,r,m
 ,b,a,i,l, ,l,i,m,i,t,e,d, ,f,e,a,r, ,s,l,e,e,p, ,d,e,v,e,l,o,p, ,b,a,d, ,u,n,t,r,e,a,t,e,d, ,a,b,l,e, ,m,o,m,e,n,t, ,c,o,m,f,o,r,t,a,b,l,e, ,w,a,l,k, ,l,e,a,s,h
 ,f,e,a,r,f,u,l, ,e,n,t,e,r, ,u,n,i,t, ,s,c,r,a,m,b,l,e, ,d,i,s,a,p,p,e,a,r, ,w,a,l,l, ,t,a,k,e, ,s,l,o,w, ,s,l,i,g,h,t,l,y, ,c,o,m,f,o,r,t,a,b,l,e, ,p,r,e,s,e,n,c,e, ,h,e,a,r,t,w,o,r,m
 ,b,i,g, ,g,o,o,f,y, ,a,b,s,o,l,u,t,e,l,y, ,s,h,o,w,e,r, ,i,n,s,e,c,u,r,e, ,f,o,o,d, ,m,o,t,i,v,a,t,e, ,l,o,n,g, ,w,a,r,m, ,w,a,r,m, ,a,f,f,e,c,t,i,o,n,a,t,e, ,e,x,c,i,t,e,m,e,n,t, ,w,a,l,k, ,q,u,i,c,k,l,y, ,o,v,e,r,w,h,e,l,m,e,d, ,s,c,a,r,y
 ,r,e,a,l, ,c,u,t,i,e, ,p,i,e, ,w,a,r,m, ,w,h,i,n,e, ,e,x,c,i,t,e,d,l,y, ,w,a,l,k, ,l,e,a,s,h, ,o,u,t,s,i,d,e, ,c,o,n,f,i,d,e,n,c,e, ,t,a,k,e, ,b,l,o,s,s,o,m, ,b,r,a,v,e, ,l,o,v,i,n,g
 ,f,r,e,e, ,s,p,i,r,i,t,e,d, ,e,n,j,o,y, ,f,r,e,e,d,o,m, ,c,o,m,p,l,a,i,n,t, ,s,m,a,r,t, ,c,a,r,e,f,u,l, ,b,o,n,d, ,t,e,a,c,h, ,w,a,l,k, ,l,e,a,s,h, ,c,h,e,w, ,l,e,a,s,h, ,w,o,r,r,i,e,d, ,l,o,s,e
 ,s,t,u,c,k, ,s,w,a,m,p, ,a,l,e,r,t, ,k,i,n,d, ,s,i,g,h,t, ,s,p,o,t, ,h,o,w,l, ,t,r,o,u,b,l,e, ,s,c,a,v,e,n,g,e, ,f,o,o,d, ,a,s,s,u,m,e, ,w,i,t, ,s,a,f,e,t,y, ,q,u,i,c,k,l,y, ,o,b,v,i,o,u,s, ,d,i,s,c,o,m,f,o,r,t, ,p,a,i,n, ,s,n,a,r,l, ,a,g,g,r,e,s,s,i,v,e,l,y, ,s,w,e,e,t, ,p,a,i,n, ,c,o,p,e, ,a,b,l,e, ,p,r,o,p, ,e,n,j,o,y, ,w,a,l,k, ,r,e,v,i,e,w, ,s,c,h,e,d,u,l,e, ,g,o,o,d, ,r,e,c,o,v,e,r,y, ,c,o,m,f,o,r,t,a,b,l,e
 ,l,a,t,e, ,h,a,r,d, ,g,o,o,f,y, ,s,w,e,e,t, ,o,h, ,y,e,s, ,f,u,n,n,y, ,e,n,d,e,a,r, ,a,r,r,i,v,e, ,l,o,w, ,e,n,e,r,g,y, ,m,e,e,k, ,s,i,c,k, ,r,e,c,o,v,e,r,y, ,c,o,m,p,l,e,t,e,l,y, ,t,r,a,n,s,f,o,r,m, ,c,h,i,r,p,y, ,a,b,s,o,l,u,t,e,l,y, ,l,o,y,a,l, ,w,a,i,t, ,p,a,t,i,e,n,t,l,y, ,a,r,r,i,v,e, ,w,h,i,n,e, ,p,u,r,e, ,j,o,y, ,a,r,r,i,v,e, ,f,o,l,l,o,w, ,s,e,t,t,l,e, ,c,o,n,t,e,n,t,l,y, ,s,t,a,r,e, ,s,o,l,i,c,i,t, ,t,r,u,l,y, ,i,m,p,o,s,s,i,b,l,e, ,s,i,t,u,a,t,i,o,n, ,g,r,e,a,t, ,r,e,a,c,t,i,v,e, ,i,n,t,r,o,d,u,c,e, ,p,r,e,f,e,r, ,f,i,n,e, ,t,a,k,e, ,s,h,o,r,t, ,t,w,i,c,e, ,b,r,e,a,k, ,l,a,z,y, ,w,a,l,k, ,r,e,a,l, ,h,o,n,e,s,t, ,e,x,a,c,t,l,y, ,m,a,y,b,e, ,s,e,t,t,l,e, ,b,e,h,a,v,e, ,p,u,p,p,y, ,t,r,u,l,y, ,d,e,s,e,r,v,e, ,r,o,a,m, ,g,o,o,d, ,r,e,t,i,r,e, ,c,o,m,f,o,r,t
 ,l,o,w, ,e,n,e,r,g,y, ,a,d,o,r,a,b,l,e, ,s,w,e,e,t,h,e,a,r,t, ,c,h,e,w, ,f,u,r,n,i,t,u,r,e, ,r,e,a,c,t, ,n,a,p, ,w,a,l,k, ,q,u,i,e,t, ,l,a,t,e, ,p,a,r,k, ,a,w,a,y, ,e,n,j,o,y, ,w,a,l,k, ,m,a,i,n, ,r,o,a,d, ,b,u,s,y, ,l,o,u,d, ,t,u,g, ,i,n,d,e,p,e,n,d,e,n,t, ,a,b,l,e, ,s,l,e,e,p, ,o,c,c,a,s,i,o,n,a,l,l,y, ,w,h,i,n,e, ,a,b,l,e, ,c,a,l,m, ,p,a,t,i,e,n,t
 ,w,a,n,d,e,r, ,g,l,e,e,f,u,l,l,y, ,c,a,r,r,y, ,c,r,a,t,e, ,d,i,f,f,e,r,e,n,t, ,b,i,t,e, ,p,u,z,z,l,e, ,s,w,e,e,t, ,s,w,e,e,t, ,a,f,f,e,c,t,i,o,n, ,m,e,l,t, ,e,m,b,r,a,c,e, ,c,a,r,e,f,u,l, ,i,n,t,e,r,a,c,t, ,s,w,e,e,t,h,e,a,r,t, ,a,c,t,i,v,e, ,a,c,t,i,v,e, ,c,h,i,l,d, ,b,i,t,e, ,s,l,o,w, ,a,b,l,e, ,p,a,y, ,a,t,t,e,n,t,i,o,n, ,l,a,n,g,u,a,g,e, ,i,n,t,e,r,a,c,t, ,t,r,u,s,t, ,b,i,t,e, ,i,n,c,i,d,e,n,t, ,h,a,p,p,e,n
 ,a,f,f,e,c,t,i,o,n,a,t,e, ,e,x,c,i,t,a,b,l,e, ,h,y,p,e,r, ,f,e,a,r,f,u,l, ,t,u,g,g,i,s,h, ,w,a,l,k, ,l,u,c,k, ,s,h,i,n,e, ,p,a,r,e,n,t, ,s,t,r,e,s,s, ,f,r,e,e, ,c,o,n,t,a,i,n, ,e,x,c,i,t,e,m,e,n,t, ,a,n,x,i,e,t,y, ,w,a,l,k, ,p,r,e,t,t,y, ,r,e,d,u,c,e, ,a,c,t, ,s,t,a,l,k, ,r,o,o,m, ,w,a,l,k, ,w,a,l,k, ,l,e,a,s,h, ,a,v,o,i,d, ,s,c,a,r,e,d, ,s,t,o,p, ,t,r,a,c,k, ,e,n,c,o,u,r,a,g,e,m,e,n,t, ,w,a,l,k, ,e,x,c,i,t,e,d, ,w,a,l,k, ,p,a,s,t, ,o,c,c,a,s,i,o,n,a,l,l,y, ,p,e,r,s,i,s,t,e,n,t,l,y, ,f,o,r,t,u,n,a,t,e,l,y, ,p,l,a,y, ,c,h,e,w, ,p,a,t,i,e,n,t,l,y, ,w,a,i,t, ,s,u,p,e,r, ,g,r,e,e,d,y, ,c,a,u,t,i,o,u,s, ,f,o,o,d, ,t,e,r,r,i,f,y, ,c,o,m,f,o,r,t,i,n,g, ,s,i,t, ,e,x,p,e,r,t, ,a,i,r, ,w,o,r,k, ,t,e,r,m, ,e,x,c,i,t,e,m,e,n,t, ,w,a,l,k, ,p,a,t,i,e,n,t, ,c,a,l,m
 ,h,a,n,d,s,o,m,e, ,b,a,d, ,a,g,g,r,e,s,s,i,o,n, ,d,e,e,p, ,c,r,a,v,e, ,p,u,p,p,y, ,d,r,i,v,e, ,l,o,o,s,e, ,c,a,u,s,e, ,p,a,i,n, ,d,i,s,c,o,m,f,o,r,t, ,d,i,s,c,o,v,e,r, ,p,r,e,t,t,y, ,f,o,o,d, ,a,g,g,r,e,s,s,i,o,n, ,g,u,a,r,d, ,b,e,h,a,v,i,o,u,r, ,a,d,o,p,t,i,v,e, ,b,i,t,e, ,b,i,t,e, ,f,a,c,e, ,c,e,r,t,a,i,n, ,f,a,t,e, ,f,o,r,t,u,n,a,t,e,l,y, ,f,e,d, ,w,a,l,k, ,s,h,o,w,e,r, ,c,a,u,t,i,o,n, ,w,o,r,k, ,s,l,o,w,l,y, ,i,n,t,r,o,d,u,c,e, ,s,a,f,e,l,y, ,s,w,e,e,t, ,a,f,f,e,c,t,i,o,n,a,t,e, ,e,n,j,o,y, ,e,x,t,e,n,d,e,d, ,p,e,r,i,o,d, ,s,u,d,d,e,n,l,y, ,b,i,t,e, ,f,a,c,t, ,l,o,n,e, ,p,u,p, ,c,l,e,a,n, ,p,a,i,n, ,c,a,u,s,e, ,d,i,s,t,r,u,s,t,f,u,l, ,g,u,a,r,d, ,f,o,o,d, ,f,i,e,r,c,e,l,y, ,g,u,a,r,d, ,f,i,e,r,c,e,l,y, ,b,a,r,e, ,s,t,a,n,d, ,g,a,t,e, ,r,o,o,m, ,l,a,y, ,b,a,d, ,l,a,y, ,g,o,o,d, ,g,o,o,d, ,m,i,n,d,f,u,l, ,g,u,a,r,d, ,l,o,n,g, ,p,e,r,i,o,d, ,p,r,e,t,t,y, ,f,u,s,s, ,f,r,e,e, ,r,e,s,p,e,c,t, ,r,e,a,l,i,s,e, ,s,o,c,i,a,l, ,c,u,d,d,l,e, ,a,g,g,r,e,s,s,i,v,e, ,g,u,a,r,d, ,s,a,f,e,l,y, ,e,n,j,o,y, ,e,a,s,y
